target,predicted
'meɾon ka 'baŋ ɡus'to,'meɾon ka 'baŋ ɡus'to
bini'ɡaj ni'a sa 'ʔakin la'hat naŋ 'peɾa ni'a,bini'ɡaj ni'a sa 'ʔakin la'hat naŋ 'peɾa ni'a
wa'laʔ si'aŋ i'baŋ ɡa'win kuŋ hin'diʔ tu'mawa,wa'laʔ si'jaŋ i'baŋ ɡa'win kuŋ hin'diʔ tu'mawa
ʔi'to ʔa'koŋ kuma'kaʔin naŋ 'saɡiŋ,ʔi'to ʔa'koŋ kuma'kaʔin naŋ 'saɡiŋ
'kahit na ʔaŋ ʔaksi'dente 'ʔaj 'ʔanim na bu'an naŋ nakali'lipas sumasa'kit pa 'ɾin ʔaŋ le'ʔeɡ ko,'kahit na ʔaŋ ʔaksi'dente ʔaj 'ʔanim na bu'an naŋ nakali'lipas sumasa'kit pa 'ɾin ʔaŋ le'ʔeɡ ko
mada'las 'namin ʔi'on ɡa'win no'ʔoŋ 'bataʔ ka'mi,mada'las 'namin ʔi'on ɡa'win no'ʔoŋ 'bataʔ ka'mi
'kaja 'koŋ sa'bihin sa'jo na hin'diʔ 'jun naŋ'jaɾi,ka'jaʔ 'koŋ sa'bihin sa'jo na hin'diʔ 'jun naŋ'jaɾi
su'sulat ʔa'ko naŋ ʔi'saŋ paŋu'ŋusap sa 'wikaŋ ʔale'man,su'sulat ʔa'ko naŋ ʔi'saŋ paŋu'ŋusap sa 'wikaŋ ʔale'man
ʔa'jokoŋ pu'masok sa ʔes'kwela,ʔaju'koŋ pu'masok sa ʔes'kwela
'ʔoʔo si'a si 'ʔantoni,'ʔoʔo si'a si 'antoni
la'siŋ si'jat nakali'mutan saɾ'han ʔaŋ pin'toʔ sa li'kod,la'siŋ si'jat nakali'mutan saɾ'han ʔaŋ pin'toʔ sa li'kod
naɡtu'tuɾo ʔa'ko,naɡtu'tuɾoʔ ʔa'ko
pakita'waɡan mo ʔa'ko ka'paɡ ʔa'lam mo na ʔaŋ ɡus'to 'moŋ ɡa'win,pakitawa'ɡan mo ʔa'ko ka'paɡ ʔa'lam mo na ʔaŋ ɡus'to moŋ ɡa'win
ʔuˌmiʔi'nom ka naŋ t͡ʃa'ʔa,ʔuˌmiʔi'nom ka naŋ t͡ʃa'ʔa
bumaba'baʔ ʔaŋ kali'dad naŋ bi'ɡas,bumaba'baʔ ʔaŋ kali'dad naŋ bi'ɡas
maba'ʔit na'man si'aŋ tinu'ɾo sa 'ʔakin ʔaŋ tiɡi'lan naŋ 'bus,maba'ʔit na'man si'aŋ tinu'ɾo sa 'ʔakin ʔaŋ tiɡi'lan naŋ 'bus
ma'lapit si'aŋ nakati'ɾa,ma'lapit si'aŋ nakati'ɾa
kaj ɡan'daŋ ma'ŋa bulak'lak,kaj ɡan'daŋ ma'ŋa bulak'lak
nanu'ʔod ʔa'ko naŋ ba'litaʔ sa telebis'jon paɡka'tapos naŋ ha'punan,nanu'ʔod ʔa'ko naŋ ba'litaʔ sa telebis'jon paɡka'tapos naŋ ha'punan
paki'ʔusap tanda'ʔaŋ pata'jin ʔaŋ 'ʔilaw 'baɡo ma'tuloɡ,paki'ʔusap tanda'ʔaŋ pata'jin ʔaŋ 'ʔilaw 'baɡo ma'tuloɡ
nasak'tan ko ba ʔi'kaw,nasak'tan ko ba ʔi'kaw
pata'pos ko naŋ ba'sahin i'toŋ no'bela,pa'tapos ko naŋ ba'sahin i'toŋ no'bela
'meɾon ka'joŋ maɡa'siŋ ha'pon,'meɾon ka'joŋ maɡa'siŋ 'hapon
ma'ɾamiŋ sina'sabi sa'jo ʔaŋ ma'ŋa 'taʔo na hin'diʔ na'man tala'ɡa toto'ʔo,ma'ɾamiŋ sina'sabi sa'jo ʔaŋ ma'ŋa 'taʔo na hin'diʔ na'man tala'ɡa toto'ʔo
diʔ pa duma'tiŋ ʔaŋ taɡadeli'beɾ naŋ 'pitsa,diʔ pa duma'tiŋ ʔaŋ taɡade'libeɾ naŋ 'pitsa
'ɡusto 'koŋ kuman'ta ka,ɡus'to 'koŋ kuman'ta ka
sa ʔa'lam ko wa'laŋ maɡa'liŋ na lib'ɾo sa teoɾ'jaŋ ʔi'on,sa ʔa'lam ko wa'laŋ maɡa'liŋ na lib'ɾo sa te'oɾjaŋ ʔi'on
tina'noŋ sa 'ʔakin naŋ matan'daʔ ʔaŋ 'ʔoɾas,tina'noŋ sa 'ʔakin naŋ matan'daʔ ʔaŋ 'ʔoɾas
'paɾaŋ ti'nik na hin'diʔ mataŋ'ɡal sa lala'munan,'paɾaŋ ti'nik na hin'diʔ mataŋ'ɡal sa lala'munan
'dati naŋ nahu'li si 'betti 'dahil sa paɡna'nakaw,'dati naŋ nahu'li si 'betti 'dahil sa paɡna'nakaw
na'saʔ mala'kiŋ ku'aɾto ʔaŋ 'paɾti,'nasa mala'kiŋ ku'aɾto ʔaŋ 'paɾti
pu'masok ʔa'ko sa lo'ʔob 'paɾa ʔumi'nom naŋ ka'pe,pu'masok ʔa'ko sa lo'ʔob 'paɾa ʔumi'nom naŋ ka'pe
wa'laŋ ɡuma'law,wa'laŋ ɡuma'law
hu'aɡ mo na ʔa'koŋ hinta'jin hin'diʔ na'man tala'ɡa ki'ta hihinta'jin,hu'aɡ mo na ʔa'koŋ hinta'jin hin'diʔ na'man tala'ɡa ki'ta hihinta'jin
maɡtutulu'ŋan 'tajo 'paɾa li'nisin la'hat naŋ 'kalat na 'jon,maɡtutu'luŋan 'tajo 'paɾa li'nisin la'hat naŋ ka'lat na 'jon
maɡsu'ʔot 'poʔ ka'jo naŋ t͡ʃi'nelas,maɡsu'ʔot 'poʔ ka'jo naŋ t͡ʃi'nelas
ta'pos na ʔaŋ taɡla'miɡ taɡsi'bol na,ta'pos na ʔaŋ taɡla'miɡ taɡsi'bol na
ʔa'lam mo ba ʔaŋ sik'ɾeto naŋ ma'habaŋ 'buhaj,ʔa'lam mo ba ʔaŋ sik'ɾeto naŋ maha'baŋ 'buhaj
kuŋ ka'jaʔ hin'diʔ ʔa'ko duma'tiŋ ka'hapon,kuŋ ka'jaʔ hin'diʔ ʔa'ko duma'tiŋ ka'hapon
ma'bahoʔ ba ʔa'ko,ma'bahoʔ ba ʔa'ko
ŋa'joŋ ʔu'maɡa nasi'ɾaʔ ko 'juŋ ɡina'ɡamit ko 'habaŋ naɡlala'ɾoʔ naŋ 'bola sa 'kwaɾto,ŋa'joŋ ʔu'maɡa na'siɾaʔ ko 'juŋ ɡina'ɡamit ko 'habaŋ naɡla'laɾoʔ naŋ 'bola sa 'kwaɾto
'naʔis ko na maɡa'waʔ ʔi'an naŋ sa'ɾili ko,'naʔis ko na maɡa'waʔ ʔi'an naŋ sa'ɾili ko
na'haʔin na ʔaŋ ʔalmu'sal,na'haʔin na ʔaŋ ʔalmu'sal
maɡ'kano 'hoʔ ʔaŋ ʔi'saŋ ka'hon naŋ tu'ɾones naŋ ka'suj,maɡ'kano 'hoʔ ʔaŋ ʔi'saŋ ka'hon naŋ tu'ɾones naŋ ka'suj
ma'baɡal si'aŋ naɡla'kad 'ʔupaŋ hin'diʔ si'a madu'las,ma'baɡal si'aŋ naɡ'lakad 'ʔupaŋ hin'diʔ si'a madu'las
ɡan'jan ka ba kata'ŋa,ɡan'jan ka ba kata'ŋaʔ
ɡus'to ko 'ɾin i'toŋ 'kulaj,ɡus'to ko 'ɾin i'toŋ 'kulaj
toto'ʔo ba ʔaŋ ʔis'toɾja ni'a,toto'ʔo ba ʔaŋ ʔis'toɾja ni'a
'ʔunaŋ 'beses 'koŋ maɡ'salin 'ɡaliŋ sa ʔital'jano,'ʔunaŋ 'beses 'koŋ maɡsa'lin 'ɡaliŋ sa ʔital'jano
ka'tuloŋ naŋ ʔaɾkejo'loɡo si'a,ka'tuloŋ naŋ ʔaɾke'joloɡo si'a
sa ʔi'o ʔi'to,sa ʔi'o ʔi'to
'peɾo wa'laʔ ʔa'koŋ 'peɾa,'peɾo wa'laʔ ʔa'koŋ 'peɾa
ʔa'joko bumaɡ'sak sa 'ʔakiŋ ma'ŋa paɡsu'sulit,ʔa'joko bumaɡ'sak sa 'ʔakiŋ ma'ŋa paɡsu'sulit
pa'ʔano mo ɡus'to ʔaŋ ka'pe mo,pa'ʔano mo ɡus'to ʔaŋ ka'pe mo
hin'diʔ ka'mi 'pwedeŋ ma'buhaj na wa'laŋ 'tubiɡ 'kahit ni ʔi'saŋ 'ʔaɾaw,hin'diʔ ka'mi 'pwedeŋ ma'buhaj na wa'laŋ 'tubiɡ 'kahit ni ʔi'saŋ 'ʔaɾaw
hin'diʔ ʔa'ko naɡsisinuŋa'liŋ,hin'diʔ ʔa'ko naɡsisinuŋa'liŋ
nata'wid ni'a ʔaŋ kaɾaɡa'taŋ pa'sipiko naŋ baŋ'kaʔ,nata'wid ni'a ʔaŋ kaɾaɡa'taŋ pa'sipiko naŋ baŋ'kaʔ
'sabi 'koŋ ʔuma'lis si'a sa si'lid,'sabi 'koŋ ʔuma'lis si'a sa si'lid
pati'ŋin ʔa'ko,pati'ŋin ʔa'ko
sumu'nod si 'tom,sumu'nod si 'tom
nakala'lason 'jan,nakala'lason 'jan
wa'laŋ ʔu'miboʔ,wa'laŋ ʔumi'bo
humi'nahon ka,humi'nahon ka
ʔaŋ 'ʔakiŋ kapa'tid na la'laki ʔaj kumi'kita naŋ 'peɾa kalaha'tiŋ 'beses hi'ɡit sa 'ʔakiŋ 'tataj,ʔaŋ 'ʔakiŋ kapa'tid na la'laki ʔaj kuˌmi'kita naŋ 'peɾa kala'hatiŋ 'beses hi'ɡit sa 'ʔakiŋ 'tataj
ma'haŋin,ma'haŋin
ʔaŋ ʔik'liʔ,ʔaŋ ʔik'liʔ
maj sam'puŋ se'ɡundo na ʔaŋ nati'tiɾa sa 'buhaj mo,maj sam'puŋ se'ɡundo na ʔaŋ nati'tiɾa sa 'buhaj mo
ʔa'noŋ ɡus'to moŋ ma'ɡiŋ paɡla'ki mo,ʔa'noŋ ɡus'to moŋ ma'ɡiŋ paɡla'ki mo
su'mali ka ba sa 'siŋiŋ 'kontest,su'mali ka ba sa si'ŋiŋ 'kontest
ʔa'ko 'mismo ʔaj hin'diʔ pa nakaka'kita naŋ 'jufo,ʔa'ko 'mismo ʔaj hin'diʔ pa nakaka'kita naŋ juʔef'ʔo
diʔ ko kaʔi'laŋan ʔaŋ 'peɾa mo kaʔi'laŋan ko ʔaŋ 'ʔoɾas mo,diʔ ko kaʔi'laŋan ʔaŋ 'peɾa mo kaʔi'laŋan ko ʔaŋ 'ʔoɾas mo
sa ʔi'o ba ʔi'to,sa ʔi'o ba ʔi'to
muk'haŋ 'bisi ka,muk'haŋ 'bisi ka
mina'hal ko si 'tom,mina'hal ko si 'tom
mada'las si'aŋ pinapaɡa'litan naŋ ʔa'sawa ni'a,mada'las si'aŋ pinapaɡali'tan naŋ ʔa'sawa ni'a
paki'huɡas ʔaŋ ʔin'joŋ ka'maj,paki'huɡas ʔaŋ ʔin'joŋ ka'maj
ɡus'toŋ maɡbio'lin si 'ajnstajn,ɡus'toŋ maɡbio'lin si 'ajnstajn
ɡus'to ni'jaŋ maɡ'ʔaɾal naŋ 'musikat paɡsasa'jaw,ɡus'to ni'jaŋ maɡ'ʔaɾal naŋ 'musikat paɡsasa'jaw
'ɡusto ni'jaŋ tumi'ɾa sa hi'laɡaŋ ʔa'meɾika,ɡus'to ni'jaŋ tu'miɾa sa hi'laɡaŋ ʔa'meɾika
ʔa'ko ʔaj napapa'ʔisip kuŋ ʔa'noʔa'noŋ ma'ŋa kasabi'han ʔaŋ 'nasa ka'njaŋ 'ʔutak,ʔa'ko ʔaj napapa'ʔisip kuŋ ʔanoʔa'noŋ ma'ŋa kasabi'han ʔaŋ 'nasa ka'njaŋ 'ʔutak
naɡsasa'jaŋ naŋ ma'ɾamiŋ paɡ'kaʔin si tom,naɡsasa'jaŋ naŋ ma'ɾamiŋ paɡ'kaʔin si 'tom
'dapat i'tiɡil mo na ʔaŋ paniniɡa'ɾiljo 'paɾa sa kalu'suɡan mo,'dapat iti'ɡil mo na ʔaŋ paniniɡa'ɾiljo 'paɾa sa kalu'suɡan mo
naɾi'niɡ ko na si'a ʔaj bumi'li naŋ 'baɡoŋ kom'pjuteɾ,naɾi'niɡ ko na si'a ʔaj bumi'li naŋ 'baɡoŋ kom'pjuteɾ
ba'kaʔ maki'kita 'natin ʔaŋ ma'ŋa 'puɡad naŋ 'ʔibon,ba'kaʔ maki'kita 'natin ʔaŋ ma'ŋa 'puɡad naŋ 'ʔibon
sa 'tio ko 'juŋ 'bahaj na pu'la ʔaŋ bu'boŋ,sa 'tio ko 'juŋ 'bahaj na pu'la ʔaŋ bu'boŋ
kaʔi'laŋan 'koŋ maɡha'nap naŋ 'baɡoŋ kaʔi'biɡan,kaʔi'laŋan 'koŋ maɡha'nap naŋ 'baɡoŋ kaʔi'biɡan
ta'ɾa,ta'ɾa
naɡbi'biɾoʔ 'laŋ ʔa'ko,naɡbi'biɾoʔ 'laŋ ʔa'ko
han'daʔ ʔa'koŋ ɡa'win ʔaŋ 'kahit ʔa'no 'paɾa sa'jo,han'daʔ ʔa'koŋ ɡa'win ʔaŋ 'kahit ʔa'no 'paɾa sa'jo
wa'laŋ maj pakiʔa'lam,wa'laŋ maj pakiʔa'lam
'ʔajaw ko naŋ ʔi'nihaw na ʔis'daʔ ʔa'no pa ka'jaʔ ʔaŋ hi'law na ʔis'daʔ,'ʔajaw ko naŋ ʔi'nihaw na ʔis'daʔ ʔa'no pa ka'jaʔ ʔaŋ hi'law na ʔis'daʔ
hin'diʔ ma'kakasa'maʔ ʔaŋ paɡʔi'nom naŋ 'tubiɡ bas'ta hu'aɡ 'sobɾa,hin'diʔ makaka'sama ʔaŋ paɡʔi'nom naŋ 'tubiɡ bas'ta hu'aɡ 'sobɾa
maj mahi'ɡit naŋ pi'toŋ 'liboŋ 'wikaʔ sa daʔiɡ'diɡ,maj mahi'ɡit naŋ pi'toŋ 'liboŋ 'wikaʔ sa daʔiɡ'diɡ
sula'tan mo ʔa'ko ʔa'ɡad,sula'tan mo ʔa'ko ʔa'ɡad
'sana makapun'ta ʔa'ko naŋ d͡ʒa'pan,'sana makapun'ta ʔa'ko naŋ d͡ʒa'pan
diʔ ko si'a na'kita,diʔ ko si'a na'kita
hu'aɡ la'pitan ʔaŋ 'ʔaso,hu'aɡ la'pitan ʔaŋ 'ʔaso
kuŋ maj 'makina naŋ 'ʔoɾas ka 'ʔaliŋ ta'ʔon ka bibi'sita,kuŋ maj 'makina naŋ 'ʔoɾas ka ʔa'liŋ ta'ʔon ka bibi'sita
'ɡusto 'koŋ ma'tuloɡ,ɡus'to 'koŋ ma'tuloɡ
mata'mis ʔaŋ pulotpuk'jutan 'ŋunit nanu'nusok ʔaŋ bu'bujoɡ,mata'mis ʔaŋ pu'lotpukju'tan 'ŋunit nanu'nusok ʔaŋ bu'bujoɡ
'sanaj wa'laŋ katapu'san ʔaŋ taɡ'ʔinit,'sanaj wa'laŋ katapu'san ʔaŋ taɡ'ʔinit
ɡus'to ko 'juŋ 'ʔaso,ɡus'to ko 'juŋ 'ʔaso
naɡʔin'taj ʔa'ko,naɡin'taj ʔa'ko
ba'ka toto'ʔo ʔaŋ ʔis'toɾja ni'a,ba'kaʔ toto'ʔo ʔaŋ ʔis'toɾja ni'a
maʔa'ʔaɾiʔ ba 'tajoŋ suma'jaw,maʔa'ʔaɾiʔ ba 'tajoŋ suma'jaw
la'hat nakaɡu'antes,la'hat nakaɡuan'tes
matu'tuloɡ na ʔa'ko,matu'tuloɡ na ʔa'ko
ma'hiɾap panati'lihiŋ ma'ʔajos ʔaŋ ku'aɾto ko,ma'hiɾap panati'lihiŋ ma'ʔajos ʔaŋ ku'aɾto ko
'ʔoʔo na'man,'ʔoʔo na'man
maɡan'daŋ ʔu'maɡa maɡhahan'daʔ na ba ʔa'ko,maɡan'daŋ ʔu'maɡa maɡhahan'daʔ na ba ʔa'ko
muk'haŋ ʔinteɾe'sado tala'ɡa si 'tom kaj 'meɾi,muk'haŋ ʔinteɾe'sado tala'ɡa si 'tom kaj 'meɾi
'ɡusto nin'joŋ ku'maʔin naŋ ʔanu'man,ɡus'to nin'joŋ ku'maʔin naŋ ʔanu'man
ʔa'ko ʔaj maj si'pon ŋa'jon,ʔa'ko ʔaj maj si'pon ŋa'jon
'ʔajaw na ni'jaŋ paɡʔu'sapan pa tuŋ'kol do'ʔon,'ʔajaw na ni'jaŋ paɡʔu'sapan pa tuŋ'kol do'ʔon
pina'tawad ka ni'la,pina'tawad ka ni'la
si'a ʔaŋ pinapa'ŋaɾap 'koŋ ba'baʔe,si'a ʔaŋ pinapa'ŋaɾap 'koŋ ba'baʔe
'ʔamin ʔi'toŋ 'supot,'ʔamin i'toŋ 'supot
majɾo'ʔon 'kaŋ li'maŋ mi'nuto 'paɾa makapaɡ'bihis ʔat buma'baʔ,majɾo'ʔon 'kaŋ li'maŋ mi'nuto 'paɾa makapaɡbi'his ʔat buma'baʔ
lu'mapit ka,lu'mapit ka
pu'ede 'moŋ ɡa'win ʔi'an,pu'ede moŋ ɡa'win ʔi'an
'mas 'ɡusto ko ʔaŋ ma'ʔinit na t͡ʃa'ʔa kaj'sa mala'miɡ,'mas ɡus'to ko ʔaŋ ma'ʔinit na t͡ʃa'ʔa kaj'sa mala'miɡ
mas'jadoŋ mabi'ɡat i'toŋ ka'hon 'paɾa bitbi'tin ko,mas'jadoŋ mabi'ɡat i'toŋ ka'hon 'paɾa bitbi'tin ko
'suɡod,su'ɡod
muk'haŋ pa'ɡod si 'tom,muk'haŋ pa'ɡod si 'tom
wa'laʔ sa lo'ʔob si 'tom,wa'laʔ sa lo'ʔob si 'tom
nakapu'lot ʔa'ko naŋ pi'takaʔ sa kal'sada,naka'pulot ʔa'ko naŋ pi'takaʔ sa kal'sada
kina'kaʔin ni'la i'toŋ ma'ŋa 'baɡaj,kina'kaʔin ni'la i'toŋ ma'ŋa 'baɡaj
bun'tis ba ʔa'ko,bun'tis ba ʔa'ko
sini'pon si 'kejt,sini'pon si 'kejt
ʔaŋ 'afɾika 'ʔaj hin'diʔ 'ʔisaŋ ban'saʔ,ʔaŋ 'ʔafɾika ʔaj hin'diʔ ʔi'saŋ ban'saʔ
kal'bo si 'tom,kal'bo si 'tom
ɡus'to moŋ maɡpahi'ŋa,ɡus'to moŋ maɡpahi'ŋa
pa'ʔano ʔaŋ 'lasa naŋ 'sopas,pa'ʔano ʔaŋ 'lasa naŋ 'sopas
pina'linis ko ʔaŋ 'kwaɾto ko sa kan'ja,pinali'nis ko ʔaŋ 'kwaɾto ko sa kan'ja
hin'diʔ ʔa'ko mala'miɡ na tu'ɡon naŋ 'ʔiŋɡliʃman,hin'diʔ ʔa'ko mala'miɡ na tu'ɡon naŋ 'iŋɡliʃman
ʔuˌmiʔi'nom ka ba naŋ 'beɾdeŋ 't͡ʃa,ʔuˌmiʔi'nom ka ba naŋ 'beɾdeŋ 't͡ʃa
majɾo'ʔon ʔa'koŋ 'mapa naŋ mun'do,majɾo'ʔon ʔa'koŋ 'mapa naŋ mun'do
'mesa ʔi'on,'mesa ʔi'on
ʔa'noŋ 'ɡandaŋ 'ɾosas ʔi'to,ʔa'noŋ ɡan'daŋ 'ɾosas ʔi'to
ʔaŋ paɡpapasa'lamat ʔaj pinala'laja 'tajo mu'la sa ma'ŋa nakala'lasoŋ ʔemos'jon,ʔaŋ paɡpapasa'lamat ʔaj pinala'lajaʔ 'tajo mu'la sa ma'ŋa nakala'lasoŋ ʔemos'jon
napaka'dilim naŋ ɡa'bi,napakadi'lim naŋ ɡa'bi
bibil'hin ko di 'bale na ʔaŋ 'pɾesjo,bibil'hin ko diʔ 'bale na ʔaŋ 'pɾesjo
hin'diʔ ko hinihi'ŋiʔ ʔaŋ kani'laŋ ma'ŋa ʔopin'jon,hin'diʔ ko hinihi'ŋiʔ ʔaŋ kani'laŋ ma'ŋa ʔopin'jon
maʔaʔan'talaʔ ʔaŋ paɡʔa'lis naŋ 'tɾen,maʔaʔan'tala ʔaŋ paɡʔa'lis naŋ 'tɾen
pakipintuɾa'han ʔaŋ pin'toŋ pu'tiʔ,pakipintuɾa'han ʔaŋ pin'toŋ pu'tiʔ
sa taɡla'miɡ ʔaŋ ma'ŋa 'ʔaɾaw ʔaj 'mas maʔik'liʔ,sa taɡla'miɡ ʔaŋ ma'ŋa 'ʔaɾaw ʔaj 'mas maʔik'liʔ
ma'buti na'man ʔa'ko,ma'buti na'man ʔa'ko
ʔumi'nom ka naŋ 't͡ʃa,ʔumi'nom ka naŋ 't͡ʃa
ʔaŋ ti'napaj ʔaj ɡa'waʔ sa 'tɾiɡo,ʔaŋ ti'napaj ʔaj ɡa'waʔ sa 'tɾiɡo
hin'diʔ ʔumi'ʔikot ʔaŋ 'mundo sa'jo,hin'diʔ ʔumi'ʔikot ʔaŋ mun'do sa'jo
ali'nisan ko la 'so 'kwaɾtok,ʔali'nisan ko la 'soʔ kuaɾ'tok
la'hat ʔaj naɡba'baɡo,la'hat ʔaj naɡba'baɡo
ɡi'namit ni'a ʔaŋ ka'njaŋ 'pajoŋ naŋ san'data,ɡi'namit ni'a ʔaŋ ka'njaŋ 'pajoŋ naŋ san'data
wa'laʔ ʔa'koŋ naʔiʔintindi'han,wa'laʔ ʔa'koŋ naʔiʔintindi'han
diʔ ki'ta ʔaŋ kaʔiba'han naŋ kaɾa'mihan,diʔ ki'ta ʔaŋ kaʔiba'han naŋ kaɾa'mihan
hin'diʔ naŋaŋa'ɡat ʔaŋ ma'ŋa 'ʔasoŋ tumata'hol,hin'diʔ naŋaŋa'ɡat ʔaŋ ma'ŋa 'ʔasoŋ tumata'hol
pinahi'ɾam ko ʔaŋ 'ʔakiŋ ʔameɾi'kana sa ʔi'saŋ kaʔi'biɡan naŋ kapa'tid ko,pinahi'ɾam ko ʔaŋ 'ʔakiŋ ʔameɾi'kana sa ʔi'saŋ kaʔi'biɡan naŋ kapa'tid ko
hin'diʔ ko pɾi'nito ʔaŋ 'donat,hin'diʔ ko pɾi'nito ʔaŋ 'donat
naka'tuloŋ ʔi'on,naka'tuloŋ ʔi'on
si 'alisteɾ ʔaŋ si'aŋ puma'taj kaj 'baɾbaɾa,si 'ʔalisteɾ ʔaŋ si'aŋ puma'taj kaj 'baɾbaɾa
hin'diʔ ka na 'bataʔ,hin'diʔ ka na 'bataʔ
ma'ɾamiŋ sa'lamat sa paɡʔimbi'ta sa 'ʔakin,ma'ɾamiŋ sa'lamat sa paɡʔimbi'ta sa 'ʔakin
kali'linis 'laŋ 'namin naŋ ma'ŋa ku'beta,kali'linis 'laŋ 'namin naŋ ma'ŋa ku'beta
siɡu'ɾado ka 'baŋ ʔa'jaw moŋ ɡa'win ʔi'on,siɡu'ɾado ka 'baŋ 'ʔajaw moŋ ɡa'win ʔi'on
na'saʔ 'kɾisis ʔaŋ ʔew'ɾopa,'nasa 'kɾisis ʔaŋ ʔew'ɾopa
bumi'li si to'mas ʔat ma'ɾia naŋ 'bahaj na maj palaŋu'jan,bumi'li si to'mas ʔat ma'ɾia naŋ 'bahaj na maj pala'ŋujan
ɡus'to ko ʔi'toŋ 'ʔasoŋ ʔi'to,ɡus'to ko i'toŋ 'ʔasoŋ ʔi'to
naka'sulat sa ʔiŋ'ɡles ʔaŋ ʔaɾ'tikuloŋ ʔi'on,naka'sulat sa ʔiŋ'ɡles ʔaŋ ʔaɾti'kuloŋ ʔi'on
pini'ɡil ni'la ʔaŋ 'musika,pi'niɡil ni'la ʔaŋ 'musika
na'kita mo ba si'la,na'kita mo ba si'la
sumi'ɡaw ʔa'ko,sumi'ɡaw ʔa'ko
ʔaŋ 'bolpen na ʔibini'ɡaj ko kaj 'saɾa ʔaj pu'la,ʔaŋ 'bolpen na ʔibini'ɡaj ko kaj 'saɾa ʔaj pu'la
maj katahi'mikan sa ku'aɾto,maj katahi'mikan sa ku'aɾto
maj maɡaɡan'daŋ ʔaɾkitek'tuɾa ʔaŋ ma'ŋa da'juhaŋ ban'saʔ,maj maɡaɡan'daŋ ʔaɾkitek'tuɾa ʔaŋ ma'ŋa da'juhaŋ ban'saʔ
maj ʔi'saŋ ba'baʔeŋ taɡaʔa'meɾika sa 'klase 'namin,maj ʔi'saŋ ba'baʔeŋ taɡaʔa'meɾika sa 'klase 'namin
'mas kompli'kado kaj'sa sa ʔi'an,'mas kompli'kado kaj'sa sa ʔi'an
ma'hinaʔ si 'tom sa pɾan'ses,ma'hinaʔ si 'tom sa pɾan'ses
ʔina'min naŋ la'laki na pi'nasok ni'a ʔaŋ 'bahaj,ʔina'min naŋ la'laki na pina'sok ni'a ʔaŋ 'bahaj
su'mulat si'a naŋ ʔi'saŋ 'liham,su'mulat si'a naŋ ʔi'saŋ 'liham
pinapa'ŋaɾap 'koŋ pumun'ta sa 'meksiko,pinapa'ŋaɾap 'koŋ pumun'ta sa 'mehiko
bu'lok ʔaŋ ʔa'moj ni'toŋ paɡ'kaʔin,bu'lok ʔaŋ ʔa'moj ni'toŋ paɡ'kaʔin
maj naɾaɾamda'man ʔa'ko,maj naɾaɾam'daman ʔa'ko
'ʔunaŋ 'beses 'koŋ lumi'pad sa ʔeɾo'plano,'ʔunaŋ 'beses 'koŋ lumi'pad sa ʔeɾo'plano
ʔuli'tin mo,ʔuli'tin mo
diʔ pa si'a ʔumu'iʔ ʔa'no,diʔ pa si'a ʔumu'iʔ ʔa'no
ʔi'toŋ 'lawaj ʔi'sa sa pinaka'lalim sa ban'saʔ,ʔi'toŋ 'lawaj ʔi'sa sa pinaka'lalim sa ban'saʔ
'sana 'mas mataŋ'kad ʔa'ko naŋ kaʔun'tiʔ,'sana 'mas mataŋ'kad ʔa'ko naŋ kaʔun'tiʔ
ʔaŋ ɾe'lo moj 'nasa 'mesa,ʔaŋ ɾe'lo moj 'nasa 'mesa
ʔaŋ hin'diʔ paɡ'suloŋ ʔaj paɡba'lik,ʔaŋ hin'diʔ paɡ'suloŋ ʔaj paɡba'lik
bi'hiɾaʔ 'laŋ ʔumu'lan 'dito,bi'hiɾaʔ 'laŋ ʔumu'lan 'dito
a'jokoŋ mala'man kuŋ ʔa'no ʔaŋ pa'ŋalan ni'a,ʔaju'koŋ ma'laman kuŋ ʔa'no ʔaŋ pa'ŋalan ni'a
'sinoŋ nana'nalo,'sinoŋ nana'nalo
ʔipinaɡkan'ta 'namin si'a,ʔipinaɡkan'ta 'namin si'a
ʔa'no ʔaŋ 'tawaɡ sa 'ʔibon na ʔi'an,ʔa'no ʔaŋ 'tawaɡ sa 'ʔibon na ʔi'an
paɡ'ka nawa'laʔ ʔaŋ 'ʔoɾas ʔaj diʔ mababa'wiʔ,paɡ'ka nawa'laʔ ʔaŋ 'ʔoɾas ʔaj diʔ maba'bawiʔ
ʔinu'min ʔaŋ 'ɡatas mo,ʔinu'min ʔaŋ 'ɡatas mo
sa ŋa'jon kaʔi'laŋan 'natiŋ maɡtɾa'baho ŋa'joŋ 'wikend,sa ŋa'jon kaʔi'laŋan 'natiŋ maɡtɾa'baho ŋa'joŋ 'wikend
ʔaŋ ʔaɡ'ham ʔaj hin'diʔ ɾelihi'on,ʔaŋ ʔaɡ'ham ʔaj hin'diʔ ɾelihi'on
nasa'ʔan ʔaŋ 'banjo,nasa'ʔan ʔaŋ 'banjo
kuŋ maj 'ʔoɾas 'laŋ ʔa'ko pupun'ta 'sana ʔa'ko sa sine'han,kuŋ maj 'ʔoɾas 'laŋ ʔa'ko pu'punta 'sana ʔa'ko sa sine'han
ʔaŋ kaɾaha'san ʔaj tuma'ɡal naŋ da'lawaŋ liŋ'ɡo,ʔaŋ kaɾaha'san ʔaj tuma'ɡal naŋ dala'waŋ liŋ'ɡo
ʔu'haw ʔa'ko,ʔu'haw ʔa'ko
hu'aɡ maɡʔa'waj sa wa'laŋ 'baɡaj,hu'aɡ maɡ'ʔawaj sa wa'laŋ 'baɡaj
siɡu'ɾado ʔa'koŋ maɡɾeɾe'tiɾo si'a sa tɾa'baho ni'a,siɡu'ɾado ʔa'koŋ maɡɾeɾe'tiɾo si'a sa tɾa'baho ni'a
toto'ʔo 'baŋ si'am ʔaŋ 'buhaj naŋ 'pusaʔ,toto'ʔo 'baŋ si'am ʔaŋ 'buhaj naŋ 'pusaʔ
'mas 'ɡusto 'koŋ mana'tili 'dito,'mas ɡus'to 'koŋ mana'tili 'dito
maj kabulu'han ba ʔaŋ tu'laŋ ʔi'to 'paɾa sa ʔi'o,maj kabulu'han ba ʔaŋ tu'laŋ ʔi'to 'paɾa sa ʔi'o
'bakit nan'dito ʔa'ko,'bakit nan'dito ʔa'ko
hin'diʔ ko ʔa'lam kuŋ maɡ'kano 'jaŋ da'lawan 'bajk na 'jan,hin'diʔ ko ʔa'lam kuŋ maɡ'kano 'jaŋ dala'wan 'bajk na 'jan
ʔinila'ɡaj ni'a ʔaŋ ka'njaŋ ka'maj sa 'ʔakiŋ ba'likat,ʔini'laɡaj ni'a ʔaŋ ka'njaŋ ka'maj sa 'ʔakiŋ ba'likat
si'a ʔaj ʔumuʔu'poʔ ʔat naɡba'basa naŋ ʔi'saŋ lib'ɾo,si'a ʔaj ʔumu'ʔupoʔ ʔat naɡbaba'sa naŋ ʔi'saŋ lib'ɾo
ʔa'lam ni'a ʔaŋ ka'njaŋ sa'ɾiliŋ kasa'lanan,ʔa'lam ni'a ʔaŋ ka'njaŋ sa'ɾiliŋ kasa'lanan
sa paɡkakata'ʔoŋ ʔi'to hin'diʔ mo matataka'san ʔaŋ pa'ɾusa,sa paɡkakata'ʔoŋ ʔi'to hin'diʔ mo matata'kasan ʔaŋ pa'ɾusa
si'ɾaʔ ʔaŋ pa'nulat,si'ɾaʔ ʔaŋ pa'nulat
'ʔunaŋ 'beses 'koŋ ma'kitaʔ ʔi'toŋ 'hajop,'ʔunaŋ 'beses 'koŋ ma'kita ʔi'toŋ 'hajop
maj ma'ɾamiŋ tɾa'baho sa kom'pjuteɾ na ʔin'dustɾia,maj ma'ɾamiŋ tɾa'baho sa kom'pjuteɾ na ʔin'dustɾia
pu'ede ba ʔa'koŋ ʔumu'iʔ na,pu'ede ba ʔa'koŋ ʔumu'iʔ na
tu'luŋan ni'o ka'mi,tu'luŋan ni'o ka'mi
humi'ŋiʔ si'a naŋ paɡ'kaʔin,humi'ŋiʔ si'a naŋ paɡ'kaʔin
pa'sok sa 'kot͡ʃe,pa'sok sa 'kot͡ʃe
hu'aɡ moŋ paɡlaɾu'ʔan ʔaŋ sala'min,hu'aɡ moŋ paɡlaɾu'ʔan ʔaŋ sala'min
naɡlala'ɾoʔ si'la naŋ 'dama,naɡlala'ɾoʔ si'la naŋ da'ma
sasa'mahan ka 'namin haŋ'ɡaŋ sa hu'li,sasama'han ka 'namin haŋ'ɡaŋ sa hu'li
wa'laŋ la'man ʔaŋ 'lata,wa'laŋ la'man ʔaŋ 'lata
muk'haŋ ʔa'lam naŋ kan'jaŋ sekɾe'taɾja ʔaŋ 'lihim,muk'haŋ ʔa'lam naŋ ka'njaŋ sekɾe'taɾja ʔaŋ 'lihim
maɡan'daŋ 'ʔaɾaw ʔi'kaw ba si 'ʃeɾlok 'holms,maɡan'daŋ 'ʔaɾaw ʔi'kaw ba si 'ʃeɾlak 'holmes
si to'mas ʔat ʔaŋ 'lola ni'a ʔaj naɡpun'taŋ 'bukstoɾ,si to'mas ʔat ʔaŋ 'lola ni'a ʔaj naɡ'puntaŋ buks'toɾ
'sino ʔaŋ 'tataj mo,'sino ʔaŋ 'tataj mo
pa'ʔano ka naka'pasok sa 'kwaɾto,pa'ʔano ka naka'pasok sa 'kwaɾto
hin'diʔ ka makakaʔa'lis 'dito,hin'diʔ ka makakaʔa'lis 'dito
kuŋ maŋiŋi'baŋban'sa ka kaʔi'laŋan mo naŋ pasa'poɾte,kuŋ maˌŋiŋi'baŋban'sa ka kaʔi'laŋan mo naŋ pasa'poɾte
maɡpapala'ki ʔa'ko naŋ ma'ɾamiŋ 'punoʔ 'ɾito,maɡpapala'ki ʔa'ko naŋ ma'ɾamiŋ 'punoʔ 'ɾito
kaʔi'lan ʔaŋ pinakahu'li moŋ paki'niɡ sa kan'taŋ ʔi'to,kaʔi'lan ʔaŋ pinaka'huli moŋ paki'niɡ sa kan'taŋ ʔi'to
pa'laɡiʔ si'aŋ mapaɡbi'ɡaj sa ma'ŋa naŋaŋaʔi'laŋan,pa'laɡiʔ si'jaŋ mapaɡbi'ɡaj sa ma'ŋa naŋaŋaʔi'laŋan
sa ti'ŋin ko hin'diʔ pa ʔa'ko han'daʔ,sa ti'ŋin ko hin'diʔ pa ʔa'ko han'daʔ
ki'naʔin ni'laŋ dala'wa ʔaŋ kani'laŋ ma'ŋa t͡ʃoko'late haŋ'ɡaŋ sa kahu'lihu'liŋ pi'ɾaso,ki'naʔin ni'laŋ dala'wa ʔaŋ ka'nilaŋ ma'ŋa t͡ʃoko'late haŋ'ɡaŋ sa kahulihu'liŋ pi'ɾaso
daɾa'tiŋ sa 'tamaŋ 'ʔoɾas ʔaŋ 'tɾen,daɾa'tiŋ sa 'tamaŋ 'ʔoɾas ʔaŋ 'tɾen
maɡsi'piljo paɡka'tapos ku'maʔin,maɡsi'piljo paɡka'tapos ku'maʔin
hin'diʔ ʔa'ko ma'damot,hin'diʔ ʔa'ko ma'damot
ʔaŋ ʔaɾ'tista ʔaj pa'laɡiŋ naɡsusu'ʔot naŋ mamaha'liŋ ma'ŋa ʔa'lahas,ʔaŋ ʔaɾ'tista ʔaj pa'laɡiŋ naɡsusu'ʔot naŋ mama'haliŋ ma'ŋa ʔa'lahas
ʔaŋ 'tunaj na kali'kasan naŋ pla'netaŋ 'ʔalfa sen'tawɾi 'bi'bi ʔaj mahi'waɡaʔ pa,ʔaŋ 'tunaj na kali'kasan naŋ pla'netaŋ 'ʔalfa sen'tawɾi 'bibi ʔaj mahi'waɡaʔ pa
naˌkaka'siɾaʔ naŋ ʔa'tiŋ ti'eɾa ʔaŋ polus'jon,naˌkaka'siɾaʔ naŋ ʔa'tiŋ ti'eɾa ʔaŋ polus'jon
hin'diʔ ʔa'ko tu'tuloŋ,hin'diʔ ʔa'ko tu'tuloŋ
hinihi'liŋ 'koŋ maɡkaɾo'ʔon ka naŋ ʔi'saŋ mali'ɡajaŋ kaʔaɾa'wan,hinihi'liŋ 'koŋ maɡkaɾo'ʔon ka naŋ ʔi'saŋ mali'ɡajaŋ kaʔaɾa'wan
pa'ɡod na pa'ɡod si 'tom paɡʔu'iʔ ni'a,pa'ɡod na pa'ɡod si 'tom paɡʔu'iʔ ni'a
sa'ɾili 'laŋ 'nja ʔini'ʔisip 'nja,sa'ɾili 'laŋ 'nja ʔini'ʔisip 'nja
maʔiʔi'salin mo ba ʔi'to sa pɾan'ses,maʔiʔi'salin mo ba ʔi'to sa pɾan'ses
ʔaŋ ha'wajan ʔat ta'hitjan ʔaj maɡkaha'wiɡ na 'wikaʔ,ʔaŋ ha'vajan ʔat tahi'tiʔan ʔaj maɡkaha'wiɡ na 'wikaʔ
ʔaŋ la'hat naŋ ban'saʔ ʔaj maj kanikani'laŋ 'wikaʔ,ʔaŋ la'hat naŋ ban'saʔ ʔaj maj kanikani'laŋ 'wikaʔ
tumatak'bo ka,tumatak'bo ka
hin'diʔ ko si'nabiŋ tutu'luŋan ki'ta,hin'diʔ ko si'nabiŋ tutu'luŋan ki'ta
ɡa'lit ka ba sa 'ʔakin,ɡa'lit ka ba sa 'ʔakin
paba'likba'lik ʔaŋ ʔu'lan,paba'likba'lik ʔaŋ ʔu'lan
ki'naʔin ko ʔaŋ ma'ŋa man'sanas na 'beɾde,ki'naʔin ko ʔaŋ ma'ŋa man'sanas na 'beɾde
ma'ɾunoŋ ka 'ɾiŋ maɡsali'taʔ naŋ 'wikaŋ pɾan'ses,ma'ɾunoŋ ka 'ɾiŋ maɡsali'taʔ naŋ 'wikaŋ pɾan'ses
ʔaŋ ʔiŋ'ɡles ʔaj hin'diʔ 'ʔakiŋ katu'tuboŋ 'wikaʔ,ʔaŋ ʔiŋ'ɡles ʔaj hin'diʔ 'ʔakiŋ katu'tuboŋ 'wikaʔ
biɡ'laŋ ʔumi'ak ʔaŋ da'ɡaŋ ʔa'kalaj 'ʔaso,biɡ'laŋ ʔumi'ak ʔaŋ 'daɡaŋ ʔaka'laj 'ʔaso
sa'baj 'silaŋ naɡʔumpi'sa,sa'baj si'laŋ naɡʔumpi'sa
hu'aɡ na hu'aɡ ka'joŋ maɡla'ɾoʔ sa da'ʔan,hu'aɡ na hu'aɡ ka'joŋ maɡla'ɾoʔ sa da'ʔan
ɡa'win mo na ʔaŋ tak'daŋʔaɾa'lin mo,ɡa'win mo na ʔaŋ tak'daŋʔa'ɾalin mo
na'huloɡ si 'tom,nahu'loɡ si 'tom
wa'laʔ ʔa'koŋ na'kita,wa'laʔ ʔa'koŋ na'kita
naki'lala ko si'a sa 'bahaj ni tom,naki'lala ko si'a sa 'bahaj ni 'tom
la'hat naŋ ka'sapiʔ naŋ 'klab ʔaj sumaŋ'ʔajon sa 'ʔakin,la'hat naŋ ka'sapiʔ naŋ 'klab ʔaj sumaŋ'ʔajon sa 'ʔakin
naɾin'di si'a sa ma'ŋa ba'litaʔ,naɾin'di si'a sa ma'ŋa ba'litaʔ
naɡlu'lutoʔ naŋ ʔalmu'sal ʔaŋ 'nanaj ko,naɡlu'lutoʔ naŋ ʔalmu'sal ʔaŋ 'nanaj ko
kumus'ta ka ma'buti na'man na'man,kumus'ta ka ma'buti na'man
wa'laʔ 'silaŋ 'kot͡ʃe,wa'laʔ si'laŋ 'kot͡ʃe
baba'jaɾan ni'a ʔaŋ la'hat,babaja'ɾan ni'a ʔaŋ la'hat
'ɡusto ki'taŋ tu'luŋan,ɡus'to ki'taŋ tu'luŋan
ʔi'to ʔaj hin'diʔ paŋu'ŋusap,ʔi'to ʔaj hin'diʔ paŋu'ŋusap
nawawa'laʔ ba ka'joŋ la'hat,nawa'walaʔ ba ka'joŋ la'hat
ɡus'to ko 'juŋ 'ʔaso mo,ɡus'to ko 'juŋ 'ʔaso mo
ɡa'ʔano ʔi'on ka'lawak,ɡa'ʔano ʔi'on ka'lawak
ʔa'lam 'koŋ ɡa'lit ka sa 'ʔakin,ʔa'lam 'koŋ ɡa'lit ka sa 'ʔakin
ɡus'to 'koŋ sa'bihin ni 'tom sa 'ʔakin ʔa'noŋ 'ʔibiɡ sa'bihin ni'a do'ʔon,ɡus'to 'koŋ sa'bihin ni 'tom sa 'ʔakin ʔa'noŋ 'ʔibiɡ sa'bihin ni'a do'ʔon
kuŋ hin'diʔ mo maɡa'waʔ ʔaŋ ɡus'to mo ɡinaɡa'waʔ mo ʔaŋ ʔa'noŋ 'kaja mo,kuŋ hin'diʔ mo maɡa'waʔ ʔaŋ ɡus'to mo ɡina'ɡawaʔ mo ʔaŋ ʔa'noŋ ka'jaʔ mo
naɡʔuʔumpi'saŋ mamulak'lak sa taɡsi'bol,naɡʔuʔumpi'saŋ mamulak'lak sa taɡsi'bol
biɡ'jan mo ʔa'ko naŋ 'kopja naŋ ʔak'lat na ʔi'to,biɡ'jan mo ʔa'ko naŋ 'kopja naŋ ʔak'lat na ʔi'to
nakata'joʔ ka na ba naŋ ʔi'saŋ 'bahaj,nakata'joʔ ka na ba naŋ ʔi'saŋ 'bahaj
luma'lakad si 'tom,luma'lakad si 'tom
maɡhandaʔhan'daʔ ka na,maɡhanda'handaʔ ka na
ʔimpo'sibleŋ ma'tapos ko 'juŋ tɾa'baho sa lo'ʔob naŋ ʔi'saŋ 'ʔaɾaw,ʔimpo'sibleŋ ma'tapos ko 'juŋ tɾa'baho sa lo'ʔob naŋ ʔi'saŋ 'ʔaɾaw
maj ʔa'sukal ba,maj ʔa'sukal ba
pu'miliʔ ka sa ʔalin'maŋ 'bolpen na ʔi'to,pu'miliʔ ka sa ʔalin'maŋ 'bolpen na ʔi'to
maha'lin mo ʔaŋ ʔi'ba 'ɡaja naŋ paɡmama'hal mo sa sa'ɾili,ma'halin mo ʔaŋ ʔi'ba 'ɡaja naŋ paɡmama'hal mo sa sa'ɾili
wa'laʔ ʔa'koŋ pakiʔa'lam sa kan'ja,wa'laʔ ʔa'koŋ pakiʔa'lam sa kan'ja
ʔumu'soɡ ka,ʔumu'soɡ ka
kaʔi'laŋan 'koŋ maɡha'nap naŋ ʔa'paɾtment na maʔupa'han sa baɾse'lona,kaʔi'laŋan 'koŋ maɡha'nap naŋ ʔa'paɾtment na maʔupa'han sa baɾse'lona
ʔumu'poʔ ka,ʔumu'poʔ ka
ʔa'ko ʔaj koɾe'ano,ʔa'ko ʔaj koɾe'ano
pupun'ta ʔa'ko sa 'sine kuŋ maj 'ʔoɾas ʔa'ko,pu'punta ʔa'ko sa 'sine kuŋ maj 'ʔoɾas ʔa'ko
ʔu'muna ʔaŋ ka'bajo,ʔu'muna ʔaŋ ka'bajo
mamama'taj 'tajoŋ la'hat,mamama'taj 'tajoŋ la'hat
'mas mala'ki sa 'ʔakin si 'tom,'mas mala'ki sa 'ʔakin si 'tom
paʔu'litʔu'lit ʔaŋ tuɡ'toɡ naŋ 'musikaŋ ʔi'to,paʔu'litʔu'lit ʔaŋ tuɡ'toɡ naŋ 'musikaŋ ʔi'to
tumak'bo ka'mi sa 'paɾke,tumak'bo ka'mi sa 'paɾke
ʔina'ʔamin ko na ma'liʔ ʔa'ko,ʔina'ʔamin ko na ma'liʔ ʔa'ko
ku'muhaʔ si'a naŋ lib'ɾo sa ʔak'latan,ku'muhaʔ si'a naŋ lib'ɾo sa ʔak'latan
hin'diʔ pa ni'a bi'nasa ʔaŋ ʔak'lat,hin'diʔ pa ni'a bina'saʔ ʔaŋ ʔak'lat
kaʔi'lan inintɾo'djus ʔaŋ pa'tatas sa ha'pon,kaʔi'lan ʔinin'tɾodjus ʔaŋ pa'tatas sa ha'pon
tu'loɡ ʔaŋ ma'ŋa 'taʔo ka'paɡ 'silaj nabu'buhaj 'silaj ɡumi'ɡisiŋ ka'paɡ 'silaj nama'mataj,tu'loɡ ʔaŋ ma'ŋa 'taʔo ka'paɡ 'silaj nabu'buhaj 'silaj ɡumi'ɡisiŋ ka'paɡ 'silaj namama'taj
ma'ʔulap ba sa 'tokjo ka'hapon,ma'ʔulap ba sa 'tokjo ka'hapon
'ɡusto ko ʔi'to,ɡus'to ko ʔi'to
maɡda'la ka'jo naŋ 'tuloŋ,maɡda'la ka'jo naŋ 'tuloŋ
'sabi ni'ay ɡus'to ni'a naŋ ma'ŋa bulak'lak,'sabi ni'jaj ɡus'to ni'a naŋ ma'ŋa bulak'lak
maɡsali'taʔ ka naŋ mahin'hin,maɡsali'taʔ ka naŋ mahin'hin
kaj'ɾamiŋ ʔi'bat ʔi'baŋ 'taʔo sa ʔew'ɾopa,kaj'ɾamiŋ ʔi'bat ʔi'baŋ 'taʔo sa ʔew'ɾopa
ʔi'to ʔaŋ lu'ɡaɾ kuŋ sa'ʔan naɡa'nap ʔaŋ la'banan,ʔi'to ʔaŋ lu'ɡaɾ kuŋ sa'ʔan naɡa'nap ʔaŋ laba'nan
nataŋɡa'lan si 'tom sa tɾa'baho 'dahil sa paɡna'nakaw,nataŋɡa'lan si 'tom sa tɾa'baho 'dahil sa paɡna'nakaw
pupun'ta ʔa'ko sa simba'han,pu'punta ʔa'ko sa sim'bahan
'nasa ʔi'lalim naŋ sa'hiɡ ʔaŋ da'ɡaʔ,'nasa ʔi'lalim naŋ sa'hiɡ ʔaŋ da'ɡaʔ
tala'ɡaŋ ʔinteɾe'sado ʔa'ko sa pɾan'ses,tala'ɡaŋ ʔinteɾe'sado ʔa'ko sa pɾan'ses
naki'ta ko ʔaŋ hina'hanap ko,na'kita ko ʔaŋ hina'hanap ko
ka'bajo ko ʔi'to,ka'bajo ko ʔi'to
sina'sabi na ʔaɾ'tista ʔaŋ ba'baʔeŋ ʔi'on,sina'sabi na ʔaɾ'tista ʔaŋ ba'baʔeŋ ʔi'on
naʔaʔa'lala mo ba,naʔaʔa'lala mo ba
pahinta'jin si'a naŋ sanda'liʔ,pahinta'jin si'a naŋ sanda'liʔ
ku'maʔin na 'tajo,ku'maʔin na 'tajo
sa'ʔan ba ʔaŋ pinakamaɡan'daŋ lu'ɡaɾ sa mun'do,sa'ʔan ba ʔaŋ pinakamaɡan'daŋ lu'ɡaɾ sa mun'do
hawa'kan mo naŋ mahiɡ'pit ʔaŋ ɾa'keta,hawa'kan mo naŋ mahiɡ'pit ʔaŋ ɾa'keta
ma'ʔaɡa pa,ma'ʔaɡa pa
ʔa'kalaʔ koj hispa'niko ka hin'diʔ taɡaʔe'hipto ʔa'ko,ʔa'kalaʔ koj his'paniko ka hin'diʔ taɡaʔe'hipto ʔa'ko
'tataj ko ʔi'to,'tataj ko ʔi'to
ʔaŋ 'bahaj ʔaj hin'diʔ 'laŋ 'basta ɡu'saliʔ,ʔaŋ 'bahaj ʔaj hin'diʔ 'laŋ bas'ta ɡu'saliʔ
ʔaŋ hi'ɾap,ʔaŋ 'hiɾap
ʔaŋ 'dami 'koŋ tɾa'bahoŋ 'dapat ɡa'win,ʔaŋ 'dami 'koŋ tɾa'bahoŋ 'dapat ɡa'win
'naʔis 'koŋ ma'tutoʔ naŋ 't͡ʃino sa ˌsusu'nod na ta'ʔon,'naʔis 'koŋ ma'tuto naŋ 't͡ʃino sa ˌsusu'nod na ta'ʔon
'ʔiŋat ka,'ʔiŋat ka
mala'miɡ i'toŋ pa'deɾ,mala'miɡ i'toŋ pa'deɾ
ʔa'no ʔaŋ sinu'sulat mo,ʔa'no ʔaŋ sinu'sulat mo
maʔa'ʔaɾiŋ ɡu'mamit naŋ 'flaʃlajt 'ʔupaŋ maka'kita sa di'lim,ma'ʔaɾiŋ ɡu'mamit naŋ 'flaʃlajt 'ʔupaŋ maka'kita sa di'lim
si 'tom ʔat ʔaŋ kani'jaŋ kapa'tid ʔaj 'medjo maɡkaʔi'ba,si 'tom ʔat ʔaŋ ka'nijiaŋ kapa'tid ʔaj 'medjo maɡkaʔi'ba
'bakit ʔa'ko,'bakit ʔa'ko
la'hat ka'mij tuma'naw sa bin'tanaʔ,la'hat ka'mij tuma'naw sa bin'tanaʔ
hu'aɡ 'kaŋ maɡsali'taʔ tuŋ'kol sa pa'milja ko,hu'aɡ 'kaŋ maɡsali'taʔ tuŋ'kol sa pa'milja ko
sa'ʔan ka nanu'ʔod naŋ telebis'jon,sa'ʔan ka nanu'ʔod naŋ telebis'jon
maj luma'bas na ʔi'saŋ 'pusaʔ mu'laʔ sa ʔi'lalim naŋ 'mesa,maj luma'bas na ʔi'saŋ 'pusaʔ mu'la sa ʔi'lalim naŋ 'mesa
hin'diʔ ko ʔa'lam,hin'diʔ ko ʔa'lam
maɡʔi'sa si 'tom sa bi'eɾnes naŋ ɡa'bi,maɡʔi'sa si 'tom sa bi'eɾnes naŋ ɡa'bi
ʔi'to ʔaŋ 'supot ko,ʔi'to ʔaŋ 'supot ko
si'la ʔaj naɡʔaʔa'laɡaʔ naŋ ma'ŋa bulak'lak sa haɾ'din,si'la ʔaj naɡʔaʔa'laɡaʔ naŋ ma'ŋa bulak'lak sa haɾ'din
'sinoŋ 'ɡusto naŋ ma'ʔinit na t͡ʃoko'late,'sinoŋ ɡus'to naŋ ma'ʔinit na t͡ʃoko'late
hu'aɡ 'natiŋ palipa'sin ʔaŋ paɡkakata'ʔoŋ ʔi'to,hu'aɡ 'natiŋ pali'pasin ʔaŋ paɡkakata'ʔoŋ ʔi'to
naɡkasi'pon si 'tom,naɡkasi'pon si 'tom
saŋ'ʔajon si'a sa ma'ŋa maluŋku'tin na ʔi'on,saŋ'ʔajon si'a sa ma'ŋa maluŋku'tin na ʔi'on
ʔi'to ʔaŋ ʔa'nak 'koŋ la'laki,ʔi'to ʔaŋ ʔa'nak 'koŋ la'laki
wa'laʔ pa si'jaŋ kasa'najan sa tɾa'bahoŋ ʔi'to,wa'laʔ pa si'aŋ kasana'jan sa tɾa'bahoŋ ʔi'to
ma'hinaʔ si 'tom sa 'wikaŋ pɾan'ses,ma'hinaʔ si 'tom sa 'wikaŋ pɾan'ses
maj taj'ŋa ʔaŋ diŋ'diŋ maj ma'ta ʔaŋ ʃo'd͡ʒi,maj taj'ŋa ʔaŋ diŋ'diŋ maj ma'ta ʔaŋ 'ʃawd͡ʒi
tu'nawin ʔaŋ ʔa'sukal sa ma'ʔinit na 'tubiɡ,tu'nawin ʔaŋ ʔa'sukal sa ma'ʔinit na 'tubiɡ
ma'lapit ʔaŋ 'ʔamiŋ ˌpaʔaɾa'lan sa ʔistas'jon,ma'lapit ʔaŋ 'ʔamiŋ ˌpaʔaɾa'lan sa ʔistas'jon
ka'pe pa paki'ʔusap,ka'pe pa paki'ʔusap
nakakapaɡ'basa ʔa'ko naŋ ʔiŋ'ɡles,nakakapaɡba'sa ʔa'ko naŋ ʔiŋ'ɡles
majɾo'ʔon ʔa'koŋ takdaŋʔaɾa'lin,majɾo'ʔon ʔa'koŋ tak'daŋʔa'ɾalin
mata'ɡal na ki'taŋ hin'diʔ na'kita,mata'ɡal na ki'taŋ hin'diʔ na'kita
naɡmama'neho si 'tom,naɡmama'neho si 'tom
ɡa'ʔano kada'las mo si'aŋ naki'kita,ɡa'ʔano kada'las mo si'aŋ naki'kita
'ʔajaw ko sa ma'ŋa 'taʔoŋ tiniti'tiɡan ʔa'ko,'ʔajaw ko sa ma'ŋa 'taʔoŋ tiniti'tiɡan ʔa'ko
'ʔoʔo pa'ki 'ŋaʔ,'ʔoʔo pa'ki 'ŋaʔ
masa'ja ba ʔaŋ la'hat,masa'ja ba ʔaŋ la'hat
ʔaŋ ka'ʔawaj naŋ kaʔi'biɡan mo ʔaj kaʔi'biɡan mo,ʔaŋ ka'ʔawaj naŋ kaʔi'biɡan mo ʔaj kaʔi'biɡan mo
'kontiʔ 'laŋ ʔaŋ lib'ɾo 'koŋ ʔiŋ'ɡles,'kontiʔ 'laŋ ʔaŋ lib'ɾo 'koŋ ʔiŋ'ɡles
ʔi'toŋ lib'ɾo ʔaj tuŋ'kol sa ma'ŋa bitu'ʔin,ʔi'toŋ lib'ɾo ʔaj tuŋ'kol sa ma'ŋa bitu'ʔin
ʔaŋ ma'ŋa 'pɾutas ʔaj maj ma'ŋa 'butoʔ sa lo'ʔob,ʔaŋ ma'ŋa 'pɾutas ʔaj maj ma'ŋa bu'to sa lo'ʔob
ʔi'to ʔaŋ ma'ŋa 'taʔoŋ naka'kita sa paɡsa'boɡ,ʔi'to ʔaŋ ma'ŋa 'taʔoŋ naka'kita sa paɡsa'boɡ
ʔi'on ʔaŋ pinakamaɡa'liŋ na 'ʔaɾaw sa 'buhaj ko,ʔi'on ʔaŋ pinakamaɡa'liŋ na 'ʔaɾaw sa 'buhaj ko
ɡus'to mo,ɡus'to mo
ʔa'no sa ta'ɡaloɡ ʔaŋ 'windo,ʔa'no sa ta'ɡaloɡ ʔaŋ 'windo
hin'diʔ kapanipani'walaŋ 'kajaŋ puma'taj ni 'tom,hin'diʔ kapanipaniwa'laŋ 'kajaŋ puma'taj ni 'tom
wa'laŋ dahi'lan 'paɾa ma'takot,wa'laŋ dahi'lan 'paɾa ma'takot
kaʔi'laŋan 'koŋ ku'maʔin naŋ 'mas masus'tansia,kaʔi'laŋan 'koŋ ku'maʔin naŋ 'mas masus'tansia
kaʔun'tiʔ na 'laŋ ʔaŋ kaʔi'laŋaŋ ɡa'win,kaʔun'tiʔ na 'laŋ ʔaŋ kaʔi'laŋaŋ ɡa'win
kumukulim'lim na sa la'bas,kumukulim'lim na sa la'bas
si to'mas ʔaj maj 'bahaj na di mas'jadoŋ ma'lajoʔ 'ɾito,si to'mas ʔaj maj 'bahaj na diʔ mas'jadoŋ ma'lajo 'ɾito
ʔi'on 'lamaŋ ʔaŋ ɡus'to 'koŋ ɡa'win,ʔi'on 'lamaŋ ʔaŋ ɡus'to 'koŋ ɡa'win
nawa'laʔ ʔaŋ la'laki sa kaɡu'batan,nawa'laʔ ʔaŋ la'laki sa kaɡu'batan
ʔi'lan ka'jo tat'lo ka'mi,ʔi'lan ka'jo tat'lo ka'mi
ɡa'ʔano kata'ɡal 'balak moŋ mana'tili sa 'puloŋ ʔi'to,ɡa'ʔano kata'ɡal 'balak moŋ mana'tili sa 'puloŋ ʔi'to
'meɾon ʔa'koŋ na'ʔisip,'meɾon ʔa'koŋ na'ʔisip
ma'lapit naŋ maɡha'punan,ma'lapit naŋ maɡha'punan
nawa'laʔ naŋ mali'ʔit na 'bataŋ la'laki ʔaŋ 'peɾa na bi'ɡaj naŋ ka'njaŋ 'tataj,nawa'laʔ naŋ mali'ʔit na 'bataŋ la'laki ʔaŋ 'peɾa na bi'ɡaj naŋ ka'njaŋ 'tataj
'mas ma'hiɾap ba ʔaŋ ʔiŋ'ɡles kaj'sa sa ha'pon,'mas ma'hiɾap ba ʔaŋ ʔiŋ'ɡles kaj'sa sa 'hapon
ʔa'noŋ 'ʔiŋaj ʔi'on,ʔa'noŋ 'ʔiŋaj ʔi'on
bu'maŋon ka'mi naŋ mada'liŋ'ʔaɾaw,bu'maŋon ka'mi naŋ madaliŋ'ʔaɾaw
ma'hiliɡ maɡla'ɾoʔ naŋ 'tenis ʔaŋ ba'baʔe,ma'hiliɡ maɡla'ɾoʔ naŋ 'tenis ʔaŋ ba'baʔe
ʔipaɡbibi'li mo ba sa 'ʔakin ʔaŋ 'ʔawto mo,ʔipaɡbibi'li mo ba sa 'ʔakin ʔaŋ 'ʔawto mo
hin'diʔ ko kinaʔi'laŋaŋ maɡdi'liɡ naŋ ma'ŋa bulak'lak kata'tapos ko 'lamaŋ ʔaj biɡ'laŋ ʔumu'lan,hin'diʔ ko kinaʔi'laŋaŋ maɡdi'liɡ naŋ ma'ŋa bulak'lak kata'tapos ko 'lamaŋ ʔaj biɡ'laŋ ʔumu'lan
ʔa'noŋ hin'diʔ pumapa'taj sa ʔi'o ʔaj si'aŋ naɡpapala'kas sa ʔi'o,ʔa'noŋ hin'diʔ pumapa'taj sa ʔi'o ʔaj si'aŋ naɡpapa'lakas sa ʔi'o
sinu'bukan 'namiŋ maʔunawa'ʔan ʔaŋ ma'ŋa 'letɾa sa diŋ'diŋ,sinu'bukan 'namiŋ maʔunawa'ʔan ʔaŋ ma'ŋa 'letɾa sa diŋ'diŋ
paŋiŋis'daʔ ʔaŋ li'baŋaŋ pabo'ɾito ko,paŋiŋis'daʔ ʔaŋ li'baŋaŋ pabo'ɾito ko
si'a ʔaj maj mati'tibaj na bu'to ʔat 'ŋipin,si'a ʔaj maj mati'tibaj na bu'to ʔat 'ŋipin
hin'diʔ si 'tom ʔaŋ ɡuma'waʔ no'ʔon,hin'diʔ si 'tom ʔaŋ ɡuma'waʔ no'ʔon
nasa'ʔan ʔaŋ kapa'tid 'koŋ la'laki,nasa'ʔan ʔaŋ kapa'tid 'koŋ la'laki
'ʔakin ʔaŋ 'bahaj ʔat 'lupaŋ ʔi'to,'ʔakin ʔaŋ 'bahaj ʔat 'lupaŋ ʔi'to
naɡla'ɾoʔ si'a naŋ 'tenis bu'ʔoŋ 'ʔaɾaw,naɡla'ɾoʔ si'a naŋ 'tenis bu'ʔoŋ 'ʔaɾaw
biɡ'jan mo ʔa'ko naŋ ʔi'saŋ dol'jaɾ 'paɾa sa lib'ɾo,biɡ'jan mo ʔa'ko naŋ ʔi'saŋ dol'jaɾ 'paɾa sa lib'ɾo
si'a ʔaj masa'ja na 'paɾaŋ 'haɾiʔ,si'a ʔaj masa'ja na 'paɾaŋ 'haɾiʔ
pu'punta ʔa'ko sa 't͡ʃina sa ˌsusu'nod na liŋ'ɡo,pu'punta ʔa'ko sa 't͡ʃina sa ˌsusu'nod na liŋ'ɡo
maj 'ɾadjo 'ŋaʔ ʔa'ko sa 'bahaj 'peɾo 'ʔajaw ɡu'mana,maj 'ɾadjo 'ŋa ʔa'ko sa 'bahaj 'peɾo 'ʔajaw ɡu'mana
sa'bihin mo sa kan'ja kuŋ sa'ʔan si'a 'dapat pumun'ta,sa'bihin mo sa kan'ja kuŋ sa'ʔan si'a 'dapat pumun'ta
ba'halaʔ na si'a,ba'halaʔ na si'a
kinaɡaɡa'lak 'kitaŋ maki'lala,kinaɡa'ɡalak ki'taŋ maki'lala
ɡinaɡa'waʔ ni 'meɾi ʔaŋ ma'ŋa ini'uutos sa kan'ja,ɡinaɡa'waʔ ni 'meɾi ʔaŋ ma'ŋa ʔiniʔu'ʔutos sa kan'ja
pa'ʔano ʔa'ko makakapun'ta sa ʔestas'jon naŋ pu'lis,pa'ʔano ʔa'ko makakapun'ta sa ʔestas'jon naŋ pu'lis
pinu'noʔ ni'a ʔaŋ 'baso naŋ 'ʔalak,pinu'noʔ ni'a ʔaŋ 'baso naŋ 'ʔalak
'kahit ʔi'saŋ sali'taj hin'diʔ luma'bas sa ka'njaŋ bi'biɡ,'kahit ʔi'saŋ sali'taj hin'diʔ luma'bas sa ka'njaŋ bi'biɡ
maj ma'ŋa 'ʔisla sa 'daɡat,maj ma'ŋa 'ʔisla sa 'daɡat
'sino ka ʔat sa'ʔan ka 'ɡaliŋ,'sino ka ʔat sa'ʔan ka 'ɡaliŋ
paki'sabi sa 'ʔakin kuŋ kaʔi'lan pu'punta,paki'sabi sa 'ʔakin kuŋ kaʔi'lan pu'punta
na'kita mo ba ʔa'noŋ ɡina'waʔ ni'la sa 'pabo,na'kita mo ba ʔa'noŋ ɡina'waʔ ni'la sa 'paboʔ
ʔumu'lan naŋ tat'loŋ 'beses sa bi'ahe,ʔumu'lan naŋ tat'loŋ 'beses sa bi'ahe
ʔi'lan ʔaŋ ma'ŋa 'kulaj,ʔi'lan ʔaŋ ma'ŋa 'kulaj
pahi'ŋiʔ naŋ 'tubiɡ,pahi'ŋiʔ naŋ 'tubiɡ
kuŋ maj 'ʔoɾas ʔa'ko bibisita'hin ki'ta naŋ kajsa'ja,kuŋ maj 'ʔoɾas ʔa'ko bibisi'tahin ki'ta naŋ kaj'saja
hali'kan mo ʔa'ko 'tom,hali'kan mo ʔa'ko 'tom
dalawam'puŋ ta'ʔon na si mjuɾ'jel,dalawam'puŋ ta'ʔon na si mu'iɾjel
nawa'lan naŋ 'malaj si tom,nawa'lan naŋ 'malaj si 'tom
pa'ki laka'san,pa'ki la'kasan
ʔaŋ 'laŋit ʔaj pu'noʔ naŋ maʔiʔi'tim na 'ʔulap,ʔaŋ 'laŋit ʔaj pu'noʔ naŋ maʔiʔi'tim na 'ʔulap
kaʔi'biɡan ko ʔi'to,kaʔi'biɡan ko ʔi'to
na'kita ʔaŋ ba'poɾ,na'kita ʔaŋ ba'poɾ
naka'huliʔ ʔa'ko naŋ tat'loŋ ʔis'daʔ ka'hapon,naka'huli ʔa'ko naŋ tat'loŋ ʔis'daʔ ka'hapon
mala'pit na ʔaŋ taɡla'ɡas,ma'lapit na ʔaŋ taɡla'ɡas
ku'maʔin si'a naŋ ti'napaj na maj manti'kilja,ku'maʔin si'a naŋ ti'napaj na maj manti'kilja
maɡ'kano ʔaŋ ʔi'saŋ 'bote naŋ ka'tas naŋ 'buko,maɡ'kano ʔaŋ ʔi'saŋ 'bote naŋ ka'tas naŋ 'buko
namu'lok na ʔi'toŋ 'saɡiŋ,namu'lok na i'toŋ 'saɡiŋ
ʔaŋ 'bataŋ maɡna'nakaw ʔaj hin'diʔ na'kita mu'liʔ naŋ ma'ŋa pu'lis,ʔaŋ 'bataŋ maɡna'nakaw ʔaj hin'diʔ na'kita mu'liʔ naŋ ma'ŋa pu'lis
ʔa'ko sa ʔin'jo manana'himik ʔa'ko,ʔa'ko sa ʔin'jo manana'himik ʔa'ko
diʔ ko ki'ta ʔaŋ kaʔiba'han,diʔ ko ki'ta ʔaŋ kaʔiba'han
hin'diʔ ni'a kaʔi'laŋan pu'masok sa baɡ'jo,hin'diʔ ni'a kaʔi'laŋan pu'masok sa baɡ'jo
tala'ɡaŋ diʔ si'a papaɾi'ni,tala'ɡaŋ diʔ si'a papaɾi'ni
ma'lajoʔ pa,ma'lajoʔ pa
kaʔi'laŋan kuŋ ɡami'tin ʔaŋ 'dikʃoneɾi,kaʔi'laŋan kuŋ ɡami'tin ʔaŋ 'dikʃoneɾi
ɡuma'ɡana na'man naŋ ma'ʔajos ʔaŋ ɾe'lo ko,ɡuma'ɡana na'man naŋ ma'ʔajos ʔaŋ ɾe'lo ko
pa'sensja na 'tom,pa'sensja na 'tom
maɡsa'jaw ba 'tajo,maɡsa'jaw ba 'tajo
maj ma'ɾamiŋ maɡaɡan'daŋ ba'baʔe sa ʃaŋ'haj kaj'sa sa 'tokjo,maj ma'ɾamiŋ maɡaɡan'daŋ ba'baʔe sa ʃaŋ'haj kaj'sa sa 'tokjo
pabo'ɾito 'koŋ kan'ta ʔi'on,pabo'ɾito 'koŋ kan'ta ʔi'on
hin'diʔ ko ʔa'lam kuŋ kaʔi'lan ʔuʔu'iʔ si 'tom,hin'diʔ ko ʔa'lam kuŋ kaʔi'lan ʔuʔu'iʔ si 'tom
ti'ŋin ko daɾa'tiŋ si'a,ti'ŋin ko daɾa'tiŋ si'a
binili'san ko ʔumu'iʔ,bini'lisan ko ʔumu'iʔ
paɡu'pit ka na naŋ bu'hok,paɡu'pit ka na naŋ bu'hok
ʔa'noŋ pinakala'kas na paŋu'ŋusap sa daʔiɡ'diɡ,ʔa'noŋ pinaka'lakas na paŋu'ŋusap sa daʔiɡ'diɡ
ku'muhaʔ ʔa'ko naŋ 'taksi 'kasi ʔumuʔu'lan,ku'muhaʔ ʔa'ko naŋ 'taksi 'kasi ʔumuʔu'lan
hina'hanap ko ʔaŋ 'ʔakiŋ 'bolpen,hina'hanap ko ʔaŋ 'ʔakiŋ 'bolpen
diʔ ko ɡina'waʔ 'paɾa sa ʔi'o,diʔ ko ɡina'waʔ 'paɾa sa ʔi'o
hu'laʔan mo 'laŋ,hula'ʔan mo 'laŋ
si'sikat mu'liʔ ʔaŋ 'ʔaɾaw sa mada'liŋ pana'hon,si'sikat mu'liʔ ʔaŋ 'ʔaɾaw sa mada'liŋ pana'hon
ikinub'li ni'a ʔaŋ ka'jaŋ 'paŋit na muk'haʔ,ʔikinub'li ni'a ʔaŋ ka'njaŋ 'paŋit na muk'haʔ
ma'habaʔ ba ʔo maʔik'liʔ ʔaŋ da'ʔan,ma'habaʔ ba ʔo maʔik'liʔ ʔaŋ da'ʔan
maɡpa'kuhaʔ 'tajo naŋ lit'ɾato,maɡpa'kuha 'tajo naŋ lit'ɾato
diʔ 'ʔakin ʔi'toŋ ɾe'lo kun'diʔ ʔi'o,diʔ 'ʔakin i'toŋ ɾe'lo kun'diʔ ʔi'o
pa'taj,pa'taj
nilutu'ʔan 'nja 'juŋ ʔa'sawa 'nja naŋ 'ʔapəl 'paj,nilutu'ʔan 'nja 'juŋ ʔa'sawa 'nja naŋ 'ʔapəl 'paj
humi'hilik si 'tom,humihi'lik si 'tom
ʔa'jusin mo 'to,ʔa'jusin mo 'to
maɡbabaka'sjon ʔa'ko sa ʔaws'tɾalja,maɡbabaka'ʃon ʔa'ko sa ʔaws'tɾalja
pakiba'baʔ naŋ 'ɾadjo,pakiba'baʔ naŋ 'ɾadjo
napaɾi'niɡ ko 'ɾin ʔaŋ kaha'wiɡ na ku'ento,napaɾi'niɡ ko 'ɾin ʔaŋ kaha'wiɡ na ku'ento
'nasa ʔa'liŋ baʔi'taŋ ʔaŋ ʔi'joŋ kapa'tid na ba'baʔe,'nasa 'ʔaliŋ baʔi'taŋ ʔaŋ ʔi'joŋ kapa'tid na ba'baʔe
li'ŋon ka 'dito,li'ŋon ka 'dito
ʔi'sa 'paŋ diɡ'maʔan ʔat masi'siɾaʔ na 'tajo,ʔi'sa 'paŋ diɡ'maʔan ʔat masi'siɾaʔ na 'tajo
ʔa'no ba ʔaŋ wabi'sabi,ʔa'no ba ʔaŋ ˌwabi'sabi
maɡhin'taj 'laŋ 'poʔ ka'jo sanda'liʔ,maɡhin'taj 'laŋ 'poʔ ka'jo sanda'liʔ
'lapis ko 'lapis,'lapis ko ʔi'to
tuɾu'an mo ʔa'koŋ ma'ɡiŋ ˌbukas'palad,tuɾu'ʔan mo ʔa'koŋ ma'ɡiŋ 'bukas'palad
naɡʔiʔi'sa ʔa'ko sa da'juhaŋ ban'saʔ,naɡʔi'ʔisa ʔa'ko sa da'juhaŋ ban'saʔ
nawa'laʔ ko ʔaŋ ɾe'lo ko,nawa'laʔ ko ʔaŋ ɾe'lo ko
maɡ'kano ʔi'on,maɡ'kano ʔi'on
ʔa'noŋ kina'laman ni'to kaj 'tom,ʔa'noŋ kina'laman ni'to kaj 'tom
naba'saʔ si'a sa baj'waŋ haŋ'ɡaŋ 'tuhod,na'basa si'a sa 'bewaŋ haŋ'ɡaŋ 'tuhod
ni'toŋ ʔu'maɡa la'maŋ binaja'ɾan ni 'tom ʔaŋ 'ʔutaŋ ni'a kaj 'meɾi,ni'toŋ ʔu'maɡa 'lamaŋ bina'jaɾan ni 'tom ʔaŋ 'ʔutaŋ ni'a kaj 'meɾi
pakiʔu'sod 'ŋaʔ do'ʔon naŋ kaʔun'tiʔ,paki'ʔusod 'ŋaʔ do'ʔon naŋ kaʔun'tiʔ
ɡus'to ni'la ʔaŋ 'wikaŋ ʔiŋ'ɡles,ɡus'to ni'la ʔaŋ 'wikaŋ ʔiŋ'ɡles
no'ʔoŋ 'paŋ maɾ'tes na ʔumuʔu'lan,no'ʔoŋ 'paŋ maɾ'tes na ʔumuʔu'lan
ʔaŋ la'ɾawan ʔaj kahala'ɡa naŋ 'liboŋ sali'taʔ,ʔaŋ la'ɾawan ʔaj kahala'ɡa naŋ 'liboŋ sali'taʔ
naki'ta ko si 'tom do'ʔon,na'kita ko si 'tom do'ʔon
maʔa'ʔaɾiʔ mo 'baŋ ʔila'ɡaj ʔaŋ ma'ŋa ba'ɡahe sa 'kot͡ʃe,maʔa'ʔaɾiʔ mo 'baŋ ʔila'ɡaj ʔaŋ ma'ŋa ba'ɡahe sa 'kot͡ʃe
'djeli naŋ 'ʔubas ʔaŋ pinakaɡus'to ko,'djeli naŋ 'ʔubas ʔaŋ pinakaɡus'to ko
ʔa'lin 'dito ʔaŋ ɡi'taɾa mo,ʔa'lin 'dito ʔaŋ ɡi'taɾa mo
'ʔakin ʔaŋ ma'ŋa lib'ɾoŋ ʔi'to ʔaŋ ma'ŋa ʔi'on na'man ʔaj sa kani'a,'ʔakin ʔaŋ ma'ŋa lib'ɾoŋ ʔi'to ʔaŋ ma'ŋa ʔi'on na'man ʔaj sa kani'a
ˌbabaɡ'sak babaɡ'sak ka'jaʔ si'a paɡsu'sulit,ˌbabaɡ'sak ka'jaʔ si'a sa paɡsu'sulit
'sino ʔaŋ pu'miliʔ naŋ 'ʔalak na ʔi'to,'sino ʔaŋ pu'miliʔ naŋ 'ʔalak na ʔi'to
maj ʔak'lat ba sa ʔi'babaw naŋ 'mesa,maj ʔak'lat ba sa ʔi'babaw naŋ 'mesa
hin'diʔ pa ʔumuʔu'lan ŋa'joŋ bu'an na ʔi'to,hin'diʔ pa ʔumu'ʔulan ŋa'joŋ bu'an na ʔi'to
hin'diʔ kapanipani'walaʔ,hin'diʔ kapanipani'walaʔ
ʔu'haw pa 'ɾin ʔa'ko,ʔu'haw pa 'ɾin ʔa'ko
ʔa'no ʔi'oŋ ɡus'to moŋ ɡa'win,ʔa'no ʔi'joŋ ɡus'to moŋ ɡa'win
paʔuman'hin siniɡa'wan ki'ta,paʔuman'hin siniɡa'wan ki'ta
'kahit ɡa'ʔanoŋ maɡa'liŋ ka pa'laɡiŋ maj 'taʔoŋ hi'ɡit na maɡa'liŋ kaj'sa sa ʔi'o,'kahit ɡa'ʔanoŋ maɡa'liŋ ka pa'laɡiŋ maj 'taʔoŋ hi'ɡit na maɡa'liŋ kaj'sa sa ʔi'o
'mas ba'ɾako kaj'sa ja'ʔoŋ kaj hu'an ʔaŋ ka'pe ko,'mas ba'ɾako kaj'sa ja'ʔoŋ kaj hu'an ʔaŋ ka'pe ko
humi'ɡaʔ si'a naŋ ɡa'nap na paha'baʔ sa da'mo,humi'ɡaʔ si'a naŋ ɡa'nap na pa'habaʔ sa da'mo
sa'ʔan ʔaŋ si'lidkaʔi'nan,sa'ʔan ʔaŋ siˌlidkaʔi'nan
sinu'bukan 'koŋ maɡsu'lat 'ɡamit ʔaŋ kali'waŋ ka'maj,sinu'bukan 'koŋ maɡsu'lat 'ɡamit ʔaŋ kali'waŋ ka'maj
pa'ʔano ʔaŋ ʔopi'sina,pa'ʔano ʔaŋ ʔopi'sina
minaɾ'tiljo ni'a ʔaŋ ma'ŋa pa'koʔ sa 'tabla,minaɾ'tiljo ni'a ʔaŋ ma'ŋa pa'koʔ sa 'tabla
tinu'joʔ ni'a ʔaŋ kan'jaŋ muk'haʔ sa tu'alja,tinu'joʔ ni'a ʔaŋ ka'njaŋ muk'haʔ sa tu'alja
ma'ɾamiŋ kaba'taʔaŋ la'laki ʔaŋ kinaʔi'laŋaŋ ʔumu'iʔ naŋ ma'ʔaɡa mu'la sa ˌpaʔaɾa'lan ka'hapon,ma'ɾamiŋ kaba'taʔaŋ la'laki ʔaŋ kinaʔi'laŋaŋ ʔumu'iʔ naŋ ma'ʔaɡa mu'la sa ˌpaʔaɾa'lan ka'hapon
tumata'lon ʔaŋ ka'bajo,tumata'lon ʔaŋ ka'bajo
'mas maɡa'liŋ 'ʃaŋ 'swimeɾ kaj'sa sa 'ʔakin,'mas maɡa'liŋ ʃaŋ 'swimeɾ kaj'sa sa 'ʔakin
ma'ɡiɡiŋ masa'ɡanaʔ ʔaŋ ta'ʔoŋ ʔi'to,ma'ɡiɡiŋ masa'ɡana ʔaŋ 'taʔoŋ ʔi'to
ba'saʔ ʔaŋ tu'alja,ba'saʔ ʔaŋ tu'alja
'bakit pa ma'buhaj ka'paɡ mamama'taj 'man 'din 'laŋ 'tajo,'bakit pa ma'buhaj ka'paɡ mamama'taj 'man 'din 'laŋ 'tajo
sa'ʔan ʔaŋ mala'pit na te'lepono,sa'ʔan ʔaŋ ma'lapit na te'lepono
maj da'kilaŋ 'laban naŋ ɾelihi'on ʔat ʔaɡ'ham,maj da'kilaŋ 'laban naŋ ɾelihi'on ʔat ʔaɡ'ham
ʔina'ɾesto si 'tom ʔu'maɡa naŋ 'lunes,ʔina'ɾesto si 'tom ʔu'maɡa naŋ 'lunes
ʔa'ko ʔaj ʔi'saŋ pili'pino,ʔa'ko ʔaj ʔi'saŋ pili'pino
ʔa'ko ʔaŋ ʔi'joŋ kam'bal,ʔa'ko ʔaŋ ʔi'joŋ kam'bal
'naʔis 'koŋ maɡbi'ɡaj naŋ hin'diʔ naɡʔaʔan'taj naŋ kapa'lit,'naʔis 'koŋ maɡbi'ɡaj naŋ hin'diʔ naɡʔan'taj naŋ kapa'lit
kamun'tik ko naŋ nali'mutan ʔaŋ 'pajoŋ ko sa 'tɾen,kamun'tik ko naŋ nali'mutan ʔaŋ 'pajoŋ ko sa 'tɾen
suman'dal si'a sa 'ʔakin,suman'dal si'a sa 'ʔakin
dinedesiɡ'nejt naŋ ma'ŋa 'linjaŋ ʔa'sul sa 'mapa ʔaŋ ma'ŋa 'ʔiloɡ,dinedesiɡ'nejt naŋ ma'ŋa 'linjaŋ ʔa'sul sa 'mapa ʔaŋ ma'ŋa 'ʔiloɡ
maɡa'liŋ ŋa'jon ʔat ni mas'jadoŋ mabi'ɡat ni mas'jadoŋ maɡa'ʔan,maɡa'liŋ ŋa'jon ʔat ni mas'jadoŋ mabi'ɡat ni mas'jadoŋ maɡa'ʔan
masasaɾa'pan ka naŋ naɡba'basa,masasaɾa'pan ka naŋ naɡba'basa
hin'diʔ ka tumiti'ŋin,hin'diʔ ka tumiti'ŋin
mala'miɡ ʔat sa'ɾiwaʔ ʔaŋ 'haŋin,mala'miɡ ʔat sa'ɾiwaʔ ʔaŋ 'haŋin
ʔaŋ ʔabu'kadoy 'buŋa naŋ 'punoŋ ʔabu'kado,ʔaŋ ʔabu'kadoj 'buŋa naŋ 'punoŋ ʔabu'kado
maɡʔumpi'sa ŋa'jon,maɡumpi'sa ŋa'jon
ɡaɡa'win ko ʔaŋ 'kahit ʔa'no ma'liban ʔi'on,ɡaɡa'win ko ʔaŋ 'kahit ʔa'no ma'liban ʔi'on
'sana naɡhin'taj ka'jo,'sana naɡhin'taj ka'jo
ʔa'noŋ ɡina'ɡawaʔ ni'a ʔaj ʔipinaɡba'bawal,ʔa'noŋ ɡinaɡa'waʔ ni'a ʔaj ʔipinaɡba'bawal
naɡsasali'taʔ ka ba naŋ pɾan'ses 'ʔaɾaw'ʔaɾaw,naɡsasali'taʔ ka ba naŋ pɾan'ses 'ʔaɾaw'ʔaɾaw
sa'waʔ na ʔa'ko sa ma'ŋa mu'seo li'biŋan naŋ ma'ŋa 'siniŋ,sa'waʔ na ʔa'ko sa ma'ŋa mu'seo li'biŋan naŋ ma'ŋa 'siniŋ
paʔa'lis na 'sana ʔa'ko naŋ 'bahaj naŋ tumu'noɡ ʔaŋ te'lepono,paʔa'lis na 'sana ʔa'ko naŋ 'bahaj naŋ tumu'noɡ ʔaŋ te'lepono
pinaʔala'la ni'aŋ hu'aɡ ni'aŋ ɡa'win,pinaʔa'lala ni'jaŋ hu'aɡ ni'jaŋ ɡa'win
maɡan'da ʔaŋ pana'hon ka'hapon,maɡan'da ʔaŋ pana'hon ka'hapon
maj na'kita ka'miŋ ʔi'saŋ pa'ɡoŋ pa'ɡoŋ haɾ'din,maj na'kita ka'miŋ ʔi'saŋ pa'ɡoŋ sa haɾ'din
ʔi'kaw ʔaj ʔi'saŋ ma'husaj na kusi'neɾo,ʔi'kaw ʔaj ʔi'saŋ ma'husaj na kusi'neɾo
ʔat nabiɡ'jan ka'mi naŋ 'libɾeŋ 'pitsa,ʔat nabiɡ'jan ka'mi naŋ 'libɾeŋ 'pitsa
no'ʔoŋ 'ʔunaŋ pana'hon maj da'kilaŋ 'haɾiʔ sa ban'saŋ ʔi'on,no'ʔoŋ 'ʔunaŋ pana'hon maj da'kilaŋ 'haɾiʔ sa ban'saŋ ʔi'on
hin'diʔ ko ʔini'ʔisip na maj tumi'ɾa sa 'bahaj na ʔi'to naŋ ma'habaŋ ta'ʔon,hin'diʔ ko ʔini'ʔisip na maj tu'miɾa sa 'bahaj na ʔi'to naŋ maha'baŋ ta'ʔon
maha'habaʔ ʔaŋ bin'tiʔ naŋ kapa'tid 'koŋ ba'baʔe,maha'habaʔ ʔaŋ bin'tiʔ naŋ kapa'tid 'koŋ ba'baʔe
ʔi'laŋ maŋ'kok naŋ 'kanin ʔaŋ ki'naʔin mo,ʔi'laŋ maŋ'kok naŋ 'kanin ʔaŋ ki'naʔin mo
biɡ'jan mo ʔa'ko naŋ ʔi'sa 'paŋ paɡkaˌkata'ʔon,biɡ'jan mo ʔa'ko naŋ ʔi'sa 'paŋ paɡkaˌkata'ʔon
haŋ'ɡaŋ maj kat'wiɾan ʔo ʔebi'densia hin'diʔ 'natin ʔa'lam kuŋ toto'ʔo ʔaŋ sina'sabi ni'a,haŋ'ɡaŋ maj kat'wiɾan ʔo ʔebi'densia hin'diʔ 'natin ʔa'lam kuŋ toto'ʔo ʔaŋ sina'sabi ni'a
ʔa'koj ʔi'saŋ taɡaluŋ'sod,ʔa'koj ʔi'saŋ taɡaluŋ'sod
ʔinimbita'han ni'la ʔa'koŋ maɡla'ɾoʔ naŋ ba'ɾaha,ʔinimbita'han ni'la ʔa'koŋ maɡla'ɾoʔ naŋ ba'ɾaha
maɡ'saʔiŋ ka,maɡsa'ʔiŋ ka
ʔaŋ ma'ŋa ʔa'nak ʔaj kaja'manan naŋ mahihi'ɾap,ʔaŋ ma'ŋa ʔa'nak ʔaj kaja'manan naŋ mahi'hiɾap
'loŋ ol'ɡeta 'wiken 'tom i 'save 'ɡo 'loŋ 'haus bi'loŋ 'mama na 'papa bi'loŋ ʔem,'loŋ ʔol'ɡeta 'wajken 'tom ʔaj 'sev 'ɡo 'loŋ 'haws bi'loŋ 'mama na pa'pa bi'loŋ 'em
tala'ɡaŋ masiɡ'la,tala'ɡaŋ masiɡ'la
ɡus'to mo naŋ i'baŋ 'baɡoŋ kata'wan,ɡus'to mo naŋ ʔi'baŋ 'baɡoŋ kata'wan
diʔ 'natin tala'ɡaŋ mahuhula'ʔan ʔaŋ ʔanu'man,diʔ 'natin tala'ɡaŋ mahuhu'laʔan ʔaŋ ʔanu'man
maɡan'da ka,maɡan'da ka
'ʔajaw ko naŋ pini'ɾitoŋ ʔis'daʔ,'ʔajaw ko naŋ pini'ɾitoŋ ʔis'daʔ
mawawa'laʔ ʔaŋ sa'kit naŋ 'ʔulo mo sa ɡa'mot,mawa'walaʔ ʔaŋ sa'kit naŋ 'ʔulo mo sa ɡa'mot
'ʔisip 'koj naʔiʔintindi'han ko,'ʔisip koj naʔiʔintindi'han ko
ma'hal ni'a ʔaŋ si'ensiaŋ piksi'on,ma'hal ni'a ʔaŋ si'ensiaŋ pik'ʃon
pakibi'ɡaj ʔi'an sa 'ʔakin,pakibi'ɡaj ʔi'an sa 'ʔakin
buma'lik ka,buma'lik ka
ʔibi'ɡaj mo ʔaŋ ma'ŋa ʔi'an sa kan'jaʔ,ʔibi'ɡaj mo ʔaŋ ma'ŋa ʔi'an sa kan'ja
kinaʔi'laŋan 'koŋ ʔala'ɡaʔan ʔaŋ kan'jaŋ saŋ'ɡol,kinaʔi'laŋan 'koŋ ʔala'ɡaʔan ʔaŋ ka'njaŋ saŋ'ɡol
'dahil ʔi'kaw ʔaj naɡsi'sisi patata'waɾin ki'ta,'dahil ʔi'kaw ʔaj naɡsi'sisi patatawa'ɾin ki'ta
'kulaŋ ʔaŋ taŋ'kad ni'a 'ʔupaŋ maʔa'bot ʔaŋ 'kisame,'kulaŋ ʔaŋ taŋ'kad ni'a 'ʔupaŋ maʔa'bot ʔaŋ 'kisame
'tamaʔ na ʔa'ko bu'soɡ na ʔa'ko,'tamaʔ na ʔa'ko bu'soɡ na ʔa'ko
suma'kit ʔaŋ 'ʔulo ni'a,suma'kit ʔaŋ 'ʔulo ni'a
'mas pipili'ʔin ko ʔaŋ pamamas'jal kaj'sa sa panono'ʔod naŋ pala'bas,'mas pipi'liʔin ko ʔaŋ pamama'sjal kaj'sa sa panono'ʔod naŋ pala'bas
ma'ɡiŋ 'laɡiŋ han'daʔ,ma'ɡiŋ 'laɡiŋ han'daʔ
hin'diʔ tata'ɡal ʔaŋ 'mitiŋ,hin'diʔ tata'ɡal ʔaŋ 'mitiŋ
humin'taj ka'mi naŋ maha'baŋ 'ʔoɾas 'ŋunit si'a ʔaj hin'diʔ sumi'pot,humin'taj ka'mi naŋ maha'baŋ 'ʔoɾas 'ŋunit si'a ʔaj hin'diʔ su'mipot
ʔa'koj maj ma'ɾamiŋ kaʔi'biɡan,ʔa'koj maj ma'ɾamiŋ kaʔi'biɡan
pa'laɡiʔ 'baŋ nana'nalo si 'tom,pa'laɡiʔ 'baŋ nana'nalo si 'tom
nawa'laʔ si 'tom,nawa'laʔ si 'tom
ta'pos ko naŋ ɡa'win ʔaŋ la'hat naŋ 'ʔakiŋ takˌdaŋʔa'ɾalin ʔat 'naʔis 'koŋ maɡpahi'ŋa naŋ saɡ'lit,ta'pos ko naŋ ɡa'win ʔaŋ la'hat naŋ 'ʔakiŋ tak'daŋʔa'ɾalin ʔat 'naʔis 'koŋ maɡpahi'ŋa naŋ saɡ'lit
wa'laŋ 'ʔulap ŋa'joŋ 'ʔaɾaw,wa'laŋ 'ʔulap ŋa'joŋ 'ʔaɾaw
ʔa'noŋ binu'loŋ ni'a sa ʔi'o,ʔa'noŋ binu'loŋ ni'a sa ʔi'o
nakipaɡkaʔi'biɡan ʔa'ko sa ʔi'saŋ ʔestud'janteŋ ban'jaɡaʔ,nakipaɡkaʔi'biɡan ʔa'ko sa ʔi'saŋ ʔestud'janteŋ ban'jaɡaʔ
hi'liɡ ko ʔaŋ paŋoŋolek'ta naŋ ma'ŋa 'lumaŋ laɾu'ʔan,hi'liɡ ko ʔaŋ paŋoŋo'lekta naŋ ma'ŋa 'lumaŋ laɾu'ʔan
kaʔi'laŋan ni'aŋ tumak'bo naŋ napakabi'lis,kaʔi'laŋan ni'jaŋ tumak'bo naŋ napakabi'lis
ʔimpo'sibleŋ ɡa'win 'koŋ ɡano'ʔon,ʔimpo'sibleŋ ɡa'win 'koŋ ɡano'ʔon
'ʔisip 'koj maɡʔaʔab'ɾod ʔa'ko,'ʔisip koj maɡʔaʔa'bɾod ʔa'ko
ma'ɾunoŋ si 'tom maɡʔuku'lele,ma'ɾunoŋ si 'tom maɡʔuku'lele
ʔaŋ ʔi'baŋ sansinu'kob ʔaj ma'ɾahil 'pawaŋ ʔi'baŋ katu'najan,ʔaŋ ʔi'baŋ sansinu'kob ʔaj ma'ɾahil 'pawaŋ ʔi'baŋ katu'najan
sa'ʔan ʔaŋ bili'han,sa'ʔan ʔaŋ bili'han
hin'diʔ ko maʔisasa'ɡot ʔaŋ ma'ŋa ta'noŋ mo,hin'diʔ ko maʔisasa'ɡot ʔaŋ ma'ŋa ta'noŋ mo
ʔa'ko ʔaŋ tu'mawaɡ sa kan'ja ka'hapon,ʔa'ko ʔaŋ tu'mawaɡ sa kan'ja ka'hapon
pu'lutin mo ʔaŋ 'lapis sa sa'hiɡ,pulu'tin mo ʔaŋ 'lapis sa sa'hiɡ
ʔuʔu'poʔ ka 'lamaŋ 'dito,ʔuʔu'poʔ ka 'lamaŋ 'dito
ʔa'noŋ 'ʔoɾas na,ʔa'noŋ 'ʔoɾas na
maj 'posas sa 'kama,maj 'posas sa 'kama
'sino ʔaŋ naɡla'ɡaj naŋ pala'kaʔ sa 'ʔakiŋ 'kama,'sino ʔaŋ naɡla'ɡaj naŋ pala'kaʔ sa 'ʔakiŋ 'kama
nilala'miɡ ʔa'ko,nilala'miɡ ʔa'ko
tala'ɡaŋ ɡus'to ko i'toŋ ma'ŋa ku'ento,tala'ɡaŋ ɡus'to ko i'toŋ ma'ŋa ku'ento
ʔa'ko ʔaj 'paɾaŋ ja'ʔoŋ ma'ŋa malili'ʔit na baŋ'baŋ na naŋaŋa'ninaɡ 'dahil ma'babaw si'la,ʔa'ko ʔaj 'paɾaŋ ja'ʔoŋ ma'ŋa malili'ʔit na baŋ'baŋ na naŋaŋa'ninaɡ 'dahil ma'babaw si'la
hu'aɡ hu'mawak naŋ 'kahit ʔa'no,hu'aɡ hu'mawak naŋ 'kahit ʔa'no
nakati'ɾa ʔaŋ pa'milja sa juɾt,nakati'ɾa ʔaŋ pa'milja sa 'juɾt
wa'laŋ nakakapaɡlu'tas sa pɾo'blemaŋ ʔi'to,wa'laŋ nakakapaɡlu'tas sa pɾo'blemaŋ ʔi'to
'ʔoɾas la'maŋ ʔaŋ maɡsasa'bi,'ʔoɾas 'lamaŋ ʔaŋ maɡsa'sabi
tala'ɡaŋ ˌkakaʔi'ba ʔaŋ kan'jaŋ ʔi'loŋ,tala'ɡaŋ ˌkakaʔi'ba ʔaŋ ka'njaŋ ʔi'loŋ
sa'ʔan pu'edeŋ mami'li naŋ lib'ɾo,sa'ʔan pu'edeŋ mami'li naŋ lib'ɾo
tala'ɡaŋ 'simple,tala'ɡaŋ 'simple
ʔaŋ sa'kit,ʔaŋ sa'kit
naɡta'nim ʔaŋ maɡsa'saka naŋ 'tɾiɡo sa kan'jaŋ 'bukid,naɡta'nim ʔaŋ maɡsasa'ka naŋ 'tɾiɡo sa ka'njaŋ 'bukid
ɡus'to ni to'mas naŋ ka'pe,ɡus'to ni to'mas naŋ ka'pe
naʔan'talaʔ ʔaŋ 'tɾen 'dahil sa mabi'ɡat na ni'ebe,naʔan'tala ʔaŋ 'tɾen 'dahil sa mabi'ɡat na ni'ebe
maimumuŋ'kahiʔ ko ʔaŋ sumusu'nod na paɡba'baɡo,maʔimumuŋ'kahiʔ ko ʔaŋ sumu'sunod na paɡba'baɡo
tinitiŋ'nan ko ʔaŋ 'lupaʔ sa ta'bi naŋ kaʔi'biɡan ko,tinitiŋ'nan ko ʔaŋ 'lupaʔ sa ta'bi naŋ kaʔi'biɡan ko
nasa'ʔan ʔaŋ 'tataj mo,nasa'ʔan ʔaŋ 'tataj mo
sa te'atɾo si 'kati ʔat ʔaŋ kan'jaŋ ʔi'na ʔaj naɡpali'tan naŋ ʔupu'ʔan,sa te'atɾo si 'kati ʔat ʔaŋ ka'njaŋ ʔi'na ʔaj naɡpa'litan naŋ ʔupu'ʔan
nasa'ʔan na ʔaŋ 'ʔakiŋ 'makina naŋ 'ʔoɾas,nasa'ʔan na ʔaŋ 'ʔakiŋ 'makina naŋ 'ʔoɾas
'sinoŋ nata'lo,'sinoŋ na'talo
ʔumu'lan naŋ mala'kas na mala'kas ma'ŋa kala'hatiŋ 'ʔoɾas,ʔumu'lan naŋ mala'kas na mala'kas ma'ŋa kala'hatiŋ 'ʔoɾas
luma'bas si'a 'paɾa maɡla'kad,luma'bas si'a 'paɾa maɡla'kad
ʔumu'poʔ si'a sa 'kama,ʔumu'poʔ si'a sa 'kama
tinawa'nan ni'la ʔaŋ ʔi'dea ko,tinawa'nan ni'la ʔaŋ ʔi'dea ko
ʔaŋ 'numeɾo naŋ ku'aɾto nin'jo 'poʔ,ʔaŋ 'numeɾo naŋ ku'aɾto nin'jo 'poʔ
kamus'ta ʔaŋ bakas'jon mo,kamus'ta ʔaŋ bakas'jon mo
'sanaj na'kita mo ʔaŋ 'sine,'sanaj na'kita mo ʔaŋ 'sine
si'a ʔaj ʔikina'sal sa 'ɡulaŋ na laˌbimpi'to,si'a ʔaj ʔikina'sal sa 'ɡulaŋ na labim'pito
wa'laʔ ʔa'koŋ pakiʔa'lam sa 'ɡastos,wa'laʔ ʔa'koŋ pakiʔa'lam sa 'ɡastos
diʔ si'la pumalak'pak 'paɾa sa 'ʔamin,diʔ si'la pumalak'pak 'paɾa sa 'ʔamin
pumun'ta ʔa'ko sa pinaŋjaɾi'han naŋ 'kɾimen,pumun'ta ʔa'ko sa pinaŋja'ɾihan naŋ 'kɾimen
nakakan'dado ʔaŋ ku'aɾto ni 'tom,nakakan'dado ʔaŋ ku'aɾto ni 'tom
kaʔi'laŋan ko pa naŋ ma'ŋa 'kumot,kaʔi'laŋan ko pa naŋ ma'ŋa 'kumot
ma'baɡal si'aŋ tumak'bo,ma'baɡal si'aŋ tumak'bo
'pwede mo 'baŋ patu'luɡin ʔaŋ saŋ'ɡol,'pwede mo 'baŋ patu'luɡin ʔaŋ saŋ'ɡol
'sino ʔaŋ 'mas mataŋ'kad ʔi'kaw 'ʔo si 'ken,'sino ʔaŋ 'mas mataŋ'kad ʔi'kaw ʔo si 'ken
hin'diʔ ʔa'ko nakakasali'taʔ,hin'diʔ ʔa'ko nakakasali'taʔ
'paɾa sa ʔa'noŋ 'ʔoɾas ba 'poʔ,'paɾa sa ʔa'noŋ 'ʔoɾas ba 'poʔ
hin'diʔ pa ʔa'ko nakapaɡdesis'jon,hin'diʔ pa ʔa'ko nakapaɡdesis'jon
'peɾo 'bakit,'peɾo 'bakit
hin'diʔ na ʔa'ko maɡu'ɡulat kuŋ ma'huli si tom,hin'diʔ na ʔa'ko maɡu'ɡulat kuŋ ma'huli si 'tom
hin'diʔ mo masa'sabi kuŋ ɡa'ʔano kata'ɡal ʔi'toŋ ma'ŋa 'mitiŋ na ʔi'to,hin'diʔ mo masa'sabi kuŋ ɡa'ʔano kata'ɡal ʔi'toŋ ma'ŋa 'mitiŋ na ʔi'to
ɡus'to 'koŋ ma'laman ni 'tom ʔaŋ katoto'hanan,ɡus'to 'koŋ ma'laman ni 'tom ʔaŋ katoto'hanan
ʔuˌmiʔi'nom ʔa'ko naŋ 'ɡatas,ʔuˌmiʔi'nom ʔa'ko naŋ 'ɡatas
pina'ŋakoʔ mo sa 'ʔakiŋ ʔaa'laɡan mo si'la,pina'ŋakoʔ mo sa 'ʔakiŋ ʔaʔa'laɡan mo si'la
ʔaŋ 'ɡutom ʔaŋ pinakamaɡa'liŋ na 'salsa,ʔaŋ 'ɡutom ʔaŋ pinakamaɡa'liŋ na sal'sa
'ʔajaw ko naŋ ma'ŋa naˌkaka'takot na pala'bas,'ʔajaw ko naŋ ma'ŋa naˌkaka'takot na pala'bas
hin'diʔ mo kaʔi'laŋaŋ humi'ŋiʔ naŋ 'tawad,hin'diʔ mo kaʔi'laŋaŋ humi'ŋiʔ naŋ 'tawad
ba'baʔe ʔa'ko,ba'baʔe ʔa'ko
ʔi'to ʔaŋ 'ʔakiŋ ʔa'nak'ʔutak,ʔi'to ʔaŋ 'ʔakiŋ ʔanak'ʔutak
'ɡusto ko 'sanaŋ makipaɡ'ʔusap sa'jo naŋ 'tajoŋ dala'wa 'laŋ 'peɾo 'paɾaŋ 'laɡi 'kaŋ maj ka'samaŋ ʔi'baŋ 'taʔo,ɡus'to ko sa'naŋ makipaɡ'ʔusap sa'jo naŋ 'tajoŋ dala'wa 'laŋ 'peɾo 'paɾaŋ 'laɡi 'kaŋ maj kasa'maŋ ʔi'baŋ 'taʔo
diʔ pa naɡ'lutoʔ naŋ ha'punan si ma'ɾia,diʔ pa naɡ'lutoʔ naŋ ha'punan si ma'ɾia
ʔi'kaw ʔaj 'ʔakiŋ ʔa'sawa,ʔi'kaw ʔaj 'ʔakiŋ ʔa'sawa
ma'hal 'kita,ma'hal ki'ta
ʔaŋ 'ʔisaj ba'ɡot ʔaŋ 'ʔibaj 'lumaʔ,ʔaŋ ʔi'saj 'baɡot ʔaŋ ʔi'baj 'lumaʔ
maɾi'kit ba ʔaŋ wik'ʔend mo,maɾi'kit ba ʔaŋ 'wikʔend mo
nama'taj si'a ʔi'laŋ 'ʔaɾaw paɡka'lipas naŋ ka'njaŋ ʔikaʔisanda'ʔaŋ kaʔaɾa'wan,nama'taj si'a ʔi'laŋ 'ʔaɾaw paɡka'lipas naŋ ka'njaŋ ʔikaʔisan'daʔaŋ kaʔaɾa'wan
'paɾaŋ natutu'aʔ si'a sa ʔastɾono'mia,'paɾaŋ natutu'aʔ si'a sa ʔastɾono'mia
'baɡo ʔaŋ ma'ŋa lib'ɾo naŋ ʔestud'janteŋ ʔi'to,'baɡo ʔaŋ ma'ŋa lib'ɾo naŋ ʔestud'janteŋ ʔi'to
sa'waʔ na ʔa'ko sa kaka'kaʔin sa ɾestaw'ɾan,sa'waʔ na ʔa'ko sa kaka'kaʔin sa ɾes'tawɾan
maɡsimu'laʔ 'kaŋ kuman'ta,maɡsimu'laʔ 'kaŋ kuman'ta
kabalastu'ɡan ʔaŋ sina'sabi mo kaʔi'biɡan ko,kabalastu'ɡan ʔaŋ sina'sabi mo kaʔi'biɡan ko
naɡhin'taj ʔaŋ la'hat,naɡhin'taj ʔaŋ la'hat
ɡa'waʔ sa 'plastik ʔaŋ 'silja,ɡa'waʔ sa 'plastik ʔaŋ 'silja
niɾepɾe'sent ni'a ʔaŋ 'klase ni'a sa 'mitiŋ,niɾepɾe'sent ni'a ʔaŋ 'klase ni'a sa 'mitiŋ
ʔanu'man ʔaŋ maŋ'jaɾi hin'diʔ mo mala'laman,ʔanu'man ʔaŋ maŋ'jaɾi hin'diʔ mo mala'laman
wa'laŋ dahi'lan 'paɾa ma'takot,wa'laŋ dahi'lan 'paɾa ma'takot
sumasa'kit ʔaŋ 'ʔakiŋ lala'munan 'dahil sa 'labis na paniniɡa'ɾiljo,sumasa'kit ʔaŋ 'ʔakiŋ lala'munan 'dahil sa 'labis na paniniɡa'ɾiljo
pakiʔu'lit 'ŋa 'poʔ,pakiʔu'lit 'ŋaʔ 'poʔ
ʔi'kaw ba ʔaŋ naɡ'ʔiwan naŋ pin'toʔ na nakabu'kas kaɡa'bi,ʔi'kaw ba ʔaŋ naɡ'ʔiwan naŋ pin'toʔ na nakabu'kas kaɡa'bi
ʔaŋ la'lakiŋ ʔi'on ʔaj si ɾa'ʔul,ʔaŋ la'lakiŋ ʔi'on ʔaj si ɾa'ʔul
paɡka'tapos ʔaj pumun'ta ka'mi sa betle'hem 'paɾa ma'kita ʔaŋ ma'ŋa ɾe'bulto,paɡka'tapos ʔaj pumun'ta ka'mi sa 'betlehem 'paɾa ma'kita ʔaŋ ma'ŋa ɾe'bulto
hin'diʔ nai'taɡoʔ naŋ muk'haʔ ni'a ʔaŋ 'tunaj ni'aŋ naɾaɾamda'man,hin'diʔ nai'taɡoʔ naŋ muk'haʔ ni'a ʔaŋ 'tunaj ni'aŋ naɾaɾam'daman
'dapat ʔia'djast mo ʔaŋ 'klak hu'li si'a,'dapat ʔiʔad'jast mo ʔaŋ 'klak hu'li si'a
'dahil sa ɡus'to ni'jaŋ maɡta'noŋ itina'ʔas ni'a ʔaŋ kan'jaŋ ka'maj,'dahil sa ɡus'to ni'jaŋ maɡta'noŋ ʔitina'ʔas ni'ja ʔaŋ ka'njaŋ ka'maj
'dahil sa napakaɡan'da naŋ pana'hon 'pwede ba ʔa'koŋ maɡbu'kas naŋ ʔi'saŋ bin'tanaʔ,'dahil sa napa'kaɡanda naŋ pana'hon 'pwede ba ʔa'koŋ maɡbu'kas naŋ ʔi'saŋ bin'tanaʔ
'bakit bumi'li ka naŋ i'baŋ 'kot͡ʃe,'bakit bumi'li ka naŋ ʔi'baŋ 'kot͡ʃe
'pwede moŋ ka'ʔinin ʔaŋ natiti'ɾaŋ 'paj,'pwede moŋ ka'ʔinin ʔaŋ nati'tiɾaŋ 'pej
si'noŋ naɡʔi'ʔiŋaj,'sinoŋ naɡʔi'ʔiŋaj
'dapat ni'a ʔa'koŋ pasalama'tan,'dapat ni'a ʔa'koŋ pasalama'tan
'kaja mo 'baŋ luma'ŋoj,ka'jaʔ mo 'baŋ luma'ŋoj
'lasa i'toŋ t͡ʃa'ʔa,'lasa ʔi'toŋ t͡ʃa'ʔa
ʔiminumuŋ'kahiʔ ba ni 'tom ʔi'on,ʔiminumuŋ'kahiʔ ba ni 'tom ʔi'on
ʔa'noŋ ɡus'to moŋ paŋʔalmu'sal,ʔa'noŋ ɡus'to moŋ paŋʔalmu'sal
nanaŋha'liʔan ka na ba,nanaŋha'liʔan ka na ba
diʔ ko ʔa'lam kuŋ 'nasa 'ʔakin pa,diʔ ko ʔa'lam kuŋ 'nasa 'ʔakin pa
hin'diʔ mo ba ʔa'bot ʔaŋ ma'ŋa lib'ɾo sa 'ʃelf,hin'diʔ mo ba ʔa'bot ʔaŋ ma'ŋa lib'ɾo sa 'ʃelf
ʔa'ko ʔaj nata'takot,ʔa'ko ʔaj nata'takot
'naʔis 'koŋ ma'ɡiŋ noɾ'mal ʔu'lit ʔaŋ la'hat,'naʔis 'koŋ ma'ɡiŋ noɾ'mal ʔu'lit ʔaŋ la'hat
nanini'wala ʔa'ko na ʔino'sente si'a,nanini'wala ʔa'ko na ʔino'sente si'a
ʔaŋ paɡpapasala'mat ʔaj maʔa'ʔaɾiŋ makapaɡpasa'ja sa ʔi'o,ʔaŋ paɡpapasa'lamat ʔaj maʔa'ʔaɾiŋ makapaɡpasa'ja sa ʔi'o
nan'dito nan'dito,nan'dito si'la
suma'ɡot si 'tom,suma'ɡot si 'tom
ʔa'ko ʔaŋ si'nisi ni'la,ʔa'ko ʔaŋ si'nisi ni'la
hin'diʔ ka 'dapat ʔu'masa sa 'tuloŋ naŋ i'baŋ 'taʔo,hin'diʔ ka 'dapat ʔu'masa sa 'tuloŋ naŋ ʔi'baŋ 'taʔo
si'a ʔaŋ kumata'wan sa 'klase ni'a sa paɡti'tipon,si'a ʔaŋ kumata'wan sa 'klase ni'a sa paɡti'tipon
ʔi'on ba ʔaŋ 'sabi ni 'tom ʔo hin'diʔ,ʔi'on ba ʔaŋ 'sabi ni 'tom ʔo hin'diʔ
hin'diʔ si'a nakukun'tento,hin'diʔ si'a nakukun'tento
ʔa'no ba tala'ɡaŋ 'ʔibiɡ sa'bihin naŋ 'flatən də 'kaɾv,ʔa'no ba tala'ɡaŋ 'ʔibiɡ sa'bihin naŋ 'flatən də 'kəɾv
wa'laŋ 'taʔo sa 'mitiŋ,wa'laŋ 'taʔo sa 'mitiŋ
ʔa'noŋ pɾo'blema mo 'ʔiwan mo 'muna ʔa'ko hu'aɡ 'kaŋ makiʔa'lam,ʔa'noŋ pɾo'blema mo 'ʔiwan mo 'muna ʔa'ko hu'aɡ 'kaŋ makiʔa'lam
su'mubok si'a ʔat naɡa'waʔ ni'a,su'mubok si'a ʔat naɡa'waʔ ni'a
'bakit ɡus'to 'moŋ ʔuma'lis ŋa'jon,'bakit ɡus'to moŋ ʔuma'lis ŋa'jon
bumi'li ka naŋ ʔi'laŋ 'tokwa paba'lik mo sa 'bahaj,bumi'li ka naŋ ʔi'laŋ 'tokwa paba'lik mo sa 'bahaj
pu'ede 'baŋ pata'jin mo ʔaŋ ti'bi,pu'ede 'baŋ pata'jin mo ʔaŋ ti'bi
sumeɾ'joso ka 'ŋaʔ,sumeɾ'joso ka 'ŋaʔ
la'hat na maɡuniɡu'ni mo ʔaj toto'ʔo,la'hat na maɡuniɡu'ni mo ʔaj toto'ʔo
ʔa'ko ʔaj nahu'li no'ʔoŋ ʔu'maɡa ka'jaʔ naɡa'lit ʔaŋ 'ʔakiŋ 'ʔamo,ʔa'ko ʔaj nahu'li no'ʔoŋ ʔu'maɡa ka'jaʔ na'ɡalit ʔaŋ 'ʔakiŋ 'ʔamo
hu'aɡ maɡla'ɡaj naŋ ma'ŋa 'bataʔ sa lo'ʔob naŋ 'baɡ,hu'aɡ maɡla'ɡaj naŋ ma'ŋa 'bataʔ sa lo'ʔob naŋ 'baɡ
ma'limit na ʔa'koj kala'hatiŋ ɡi'siŋ 'lamaŋ,ma'limit na ʔa'koj kala'hatiŋ ɡi'siŋ 'lamaŋ
si 'tom 'ʔaj ʔi'saŋ mapaɡkakati'walaŋ 'taʔo,si 'tom ʔaj ʔi'saŋ mapaɡkakatiwa'laŋ 'taʔo
nawa'laʔ 'sja na 'paɾaŋ bu'laʔ,nawa'laʔ 'sja na 'paɾaŋ bu'laʔ
naɡkun'waɾiʔ si'aŋ dok'toɾ,naɡkun'waɾiʔ si'aŋ dok'toɾ
siɾa'ʔulo ʔaŋ ma'ŋa ʔide'a ni'a,siɾa'ʔulo ʔaŋ ma'ŋa ʔide'a ni'a
si'noŋ su'mulat naŋ lib'ɾo,'sinoŋ su'mulat naŋ lib'ɾo
wa'laŋ ti'vi sa ku'aɾto ko,wa'laŋ ti'vi sa ku'aɾto ko
ʔaŋ 'sweɾte 'sweɾte nin'joŋ tat'lo,ʔaŋ 'sweɾte 'sweɾte nin'joŋ tat'lo
ha'napin si 'tom,ha'napin si 'tom
ʔi'saŋ 'noldo ba ʔaŋ 'nasa ʔi'lalim naŋ 'punoʔ,ʔi'saŋ 'noldo ba ʔaŋ 'nasa ʔi'lalim naŋ 'punoʔ
masasa'ɾap ʔaŋ kani'laŋ ma'ŋa 'kejk,masa'saɾap ʔaŋ ka'nilaŋ ma'ŋa 'kejk
maihaha'tid 'namin ʔaŋ pɾo'dukto sa 'hunjo,maʔiha'hatid 'namin ʔaŋ pɾo'dukto sa 'hunjo
hin'diʔ si'a nakaɾa'tiŋ ka'hapon,hin'diʔ si'a nakaɾa'tiŋ ka'hapon
lu'mapit si 'tom,lu'mapit si 'tom
kasiŋtaŋ'kad ko si'a,kasiŋtaŋ'kad ko si'a
ʔa'ko ʔaj maj ma'bahoŋ hini'ŋa,ʔa'ko ʔaj maj ma'bahoŋ hini'ŋa
naɡla'kad ʔa'ko papun'ta sa 'paɾke,naɡ'lakad ʔa'ko papun'ta sa 'paɾke
lu'mahoʔ 'ɾin si 'tom,luma'hoʔ 'ɾin si 'tom
sinindi'han ni'a ʔaŋ 'ʔilaw,sinindi'han ni'a ʔaŋ 'ʔilaw
sa ban'saŋ 'hapon 'halos la'hat naŋ pa'milja ʔaj maj ʔi'saŋ 'waʃiŋ ma'ʃin,sa ban'saŋ ha'pon 'halos la'hat naŋ pa'milja ʔaj maj ʔi'saŋ 'waʃiŋ ma'ʃin
ma'ŋa kat'loʔ naŋ ʔi'babaw naŋ ti'jeɾaj 'lupaʔ,ma'ŋa kat'loʔ naŋ ʔi'babaw naŋ ti'eɾaj 'lupaʔ
maɡ'kano ʔaŋ ibi'najad mo 'paɾa di'an,maɡ'kano ʔaŋ ʔibi'najad mo 'paɾa di'an
ʔa'lam 'koŋ hi'hindiʔ ka 'laŋ,ʔa'lam 'koŋ hihin'diʔ ka 'laŋ
ʔa'noŋ ʔinu'min,ʔa'noŋ ʔinu'min
maɡa'liŋ ʔaŋ 'pɾesjo,maɡa'liŋ ʔaŋ 'pɾesjo
wa'laŋ ʔanu'man sa 'ʔakin kuŋ 'sino 'man ʔaŋ ma'nalo,wa'laŋ ʔanu'man sa 'ʔakin kuŋ 'sino 'man ʔaŋ ma'nalo
ma'ɾami ka'miŋ ti'napaj ʔat 'sobɾa'sobɾa 'din ʔaŋ manti'kilja 'namin,ma'ɾami ka'miŋ ti'napaj ʔat sobɾa'sobɾa 'din ʔaŋ manti'kilja 'namin
'sabi ni'a sa 'ʔakin na ba'kaʔ pa'puntaŋ 'naɾa si'a sa ˌsusu'nod na bu'an,'sabi ni'a sa 'ʔakin na ba'ka papun'taŋ 'naɾa si'a sa ˌsusu'nod na bu'an
la'hat ʔaj naŋja'jaɾi naŋ maj dahi'lan,la'hat ʔaj naŋja'jaɾi naŋ maj dahi'lan
nanini'wala ka pa ba sa ma'ŋa 'kwentoŋ 'tulad ni'to,nanini'wala ka pa ba sa ma'ŋa 'kwentoŋ 'tulad ni'to
ma'ɡitiŋ ʔaŋ som'bɾeɾo 'dahil naŋ mani'baɡoŋ 'koɾte ni'a,maɡi'tiŋ ʔaŋ som'bɾeɾo 'dahil naŋ mani'baɡoŋ 'koɾte ni'a
